{
    "function": "bin.model.main",
    "gpus": [
        "NVIDIA GeForce RTX 2080 Ti",
        "NVIDIA GeForce RTX 2080 Ti",
        "NVIDIA GeForce RTX 2080 Ti"
    ],
    "config": {
        "seed": 0,
        "batch_size": 256,
        "patience": 16,
        "n_epochs": -1,
        "gradient_clipping_norm": 1.0,
        "amp": true,
        "data": {
            "cache": true,
            "path": "/home/dxlab/data/dxlab/jupyter/seungtae/tabm/exp/tabm/korea/dataset",
            "num_policy": "noisy-quantile"
        },
        "optimizer": {
            "type": "AdamW",
            "lr": 0.00011184538628817076,
            "weight_decay": 0.0010913099057351175
        },
        "model": {
            "arch_type": "tabm",
            "k": 32,
            "share_training_batches": false,
            "backbone": {
                "type": "MLP",
                "n_blocks": 4,
                "d_block": 240,
                "dropout": 0.0
            }
        }
    },
    "n_parameters": 287840,
    "prediction_type": "labels",
    "epoch_size": 147,
    "best_step": 20433,
    "metrics": {
        "train": {
            "rmse": 500151.4788781495,
            "mae": 206592.390625,
            "r2": 0.8268722783964448,
            "score": -500151.4788781495
        },
        "val": {
            "rmse": 878685.5707748933,
            "mae": 255727.171875,
            "r2": 0.39396371808470587,
            "score": -878685.5707748933
        },
        "test": {
            "rmse": 918143.3843578028,
            "mae": 250893.8125,
            "r2": 0.15561491226555368,
            "score": -918143.3843578028
        }
    },
    "time": "1:03:58.114124",
    "chunk_size": null,
    "eval_batch_size": 32768,
    "heads": [
        30
    ],
    "head_selection_time": "0:00:00.031799"
}