{
    "function": "bin.model.main",
    "gpus": [
        "NVIDIA A100 80GB PCIe MIG 2g.20gb"
    ],
    "config": {
        "seed": 13,
        "batch_size": 512,
        "patience": 16,
        "n_epochs": -1,
        "gradient_clipping_norm": 1.0,
        "amp": true,
        "data": {
            "cache": true,
            "path": "/home/elicer/tabm/SEUNGTAE/korea_base/dataset",
            "num_policy": "noisy-quantile",
            "cat_policy": "ordinal"
        },
        "optimizer": {
            "type": "AdamW",
            "lr": 0.0011563746902507038,
            "weight_decay": 0.0015827100831528388
        },
        "model": {
            "arch_type": "tabm",
            "k": 32,
            "share_training_batches": false,
            "backbone": {
                "type": "MLP",
                "n_blocks": 4,
                "d_block": 256,
                "dropout": 0.08464895567510722
            }
        }
    },
    "n_parameters": 315104,
    "prediction_type": "labels",
    "epoch_size": 63,
    "best_step": 9954,
    "metrics": {
        "train": {
            "rmse": 38483.51751074738,
            "mae": 24345.76171875,
            "r2": 0.8338553108912224,
            "score": -38483.51751074738
        },
        "val": {
            "rmse": 50243.908128249735,
            "mae": 30822.224609375,
            "r2": 0.7183256868074515,
            "score": -50243.908128249735
        },
        "test": {
            "rmse": 49036.335262741646,
            "mae": 29716.591796875,
            "r2": 0.721836793315745,
            "score": -49036.335262741646
        }
    },
    "time": "0:01:37.851867",
    "chunk_size": null,
    "eval_batch_size": 32768,
    "heads": [
        31,
        24,
        26,
        20,
        16,
        27,
        19,
        5,
        12,
        6,
        18,
        15
    ],
    "head_selection_time": "0:00:00.393622"
}