{
    "function": "bin.ensemble.main",
    "scores": {
        "train": -53028.41502439989,
        "val": -64730.48913765445,
        "test": -65244.37655461197
    }
}