{
    "function": "bin.model.main",
    "gpus": [
        "NVIDIA GeForce RTX 2080 Ti",
        "NVIDIA GeForce RTX 2080 Ti",
        "NVIDIA GeForce RTX 2080 Ti"
    ],
    "config": {
        "seed": 3,
        "batch_size": 256,
        "patience": 16,
        "n_epochs": -1,
        "gradient_clipping_norm": 1.0,
        "amp": true,
        "data": {
            "cache": true,
            "path": "/home/dxlab/data/dxlab/jupyter/seungtae/tabm/SEUNGTAE/korea1.5/dataset",
            "num_policy": "noisy-quantile"
        },
        "optimizer": {
            "type": "AdamW",
            "lr": 0.0003008643713310103,
            "weight_decay": 0.0003585076100054745
        },
        "model": {
            "arch_type": "tabm-mini",
            "k": 32,
            "share_training_batches": false,
            "backbone": {
                "type": "MLP",
                "n_blocks": 5,
                "d_block": 320,
                "dropout": 0.0
            }
        }
    },
    "n_parameters": 451040,
    "prediction_type": "labels",
    "epoch_size": 129,
    "best_step": 8643,
    "metrics": {
        "train": {
            "rmse": 65847.48244238348,
            "mae": 44753.55078125,
            "r2": 0.5269566925218249,
            "score": -65847.48244238348
        },
        "val": {
            "rmse": 73069.12891228416,
            "mae": 49204.1171875,
            "r2": 0.40440710540819214,
            "score": -73069.12891228416
        },
        "test": {
            "rmse": 73347.56361325167,
            "mae": 49421.1875,
            "r2": 0.3977796795286703,
            "score": -73347.56361325167
        }
    },
    "time": "0:00:58.350771",
    "chunk_size": null,
    "eval_batch_size": 32768,
    "heads": [
        24,
        7,
        20,
        11,
        0,
        25,
        9,
        18
    ],
    "head_selection_time": "0:00:00.248025"
}