{
    "function": "bin.model.main",
    "gpus": [
        "NVIDIA GeForce RTX 2080 Ti",
        "NVIDIA GeForce RTX 2080 Ti",
        "NVIDIA GeForce RTX 2080 Ti"
    ],
    "config": {
        "seed": 9,
        "batch_size": 512,
        "patience": 16,
        "n_epochs": -1,
        "gradient_clipping_norm": 1.0,
        "amp": true,
        "data": {
            "cache": true,
            "path": "/home/dxlab/data/dxlab/jupyter/seungtae/tabm/SEUNGTAE/korea_undersample_tabm/dataset",
            "num_policy": "noisy-quantile",
            "cat_policy": "ordinal"
        },
        "optimizer": {
            "type": "AdamW",
            "lr": 0.0008349259297406521,
            "weight_decay": 0.0
        },
        "model": {
            "arch_type": "tabm",
            "k": 32,
            "share_training_batches": false,
            "backbone": {
                "type": "MLP",
                "n_blocks": 3,
                "d_block": 272,
                "dropout": 0.360863070008947
            }
        }
    },
    "n_parameters": 247616,
    "prediction_type": "labels",
    "epoch_size": 18,
    "best_step": 3654,
    "metrics": {
        "train": {
            "rmse": 53546.65763612142,
            "mae": 36659.40625,
            "r2": 0.7466948939314781,
            "score": -53546.65763612142
        },
        "val": {
            "rmse": 64344.07509631326,
            "mae": 43414.09375,
            "r2": 0.6268191234182514,
            "score": -64344.07509631326
        },
        "test": {
            "rmse": 65734.88571527298,
            "mae": 43824.36328125,
            "r2": 0.6218972029686703,
            "score": -65734.88571527298
        }
    },
    "time": "0:00:29.877456",
    "chunk_size": null,
    "eval_batch_size": 32768,
    "heads": [
        5,
        15,
        4,
        3,
        8
    ],
    "head_selection_time": "0:00:00.140307"
}