{
    "function": "bin.model.main",
    "gpus": [
        "NVIDIA A100 80GB PCIe MIG 2g.20gb"
    ],
    "config": {
        "seed": 2,
        "batch_size": 512,
        "patience": 16,
        "n_epochs": -1,
        "gradient_clipping_norm": 1.0,
        "amp": true,
        "data": {
            "cache": true,
            "path": "/home/elicer/tabm/SEUNGTAE/korea_base/dataset",
            "num_policy": "noisy-quantile",
            "cat_policy": "ordinal"
        },
        "optimizer": {
            "type": "AdamW",
            "lr": 0.0011563746902507038,
            "weight_decay": 0.0015827100831528388
        },
        "model": {
            "arch_type": "tabm",
            "k": 32,
            "share_training_batches": false,
            "backbone": {
                "type": "MLP",
                "n_blocks": 4,
                "d_block": 256,
                "dropout": 0.08464895567510722
            }
        }
    },
    "n_parameters": 315104,
    "prediction_type": "labels",
    "epoch_size": 63,
    "best_step": 11781,
    "metrics": {
        "train": {
            "rmse": 38251.23015015334,
            "mae": 24201.201171875,
            "r2": 0.8358549753270273,
            "score": -38251.23015015334
        },
        "val": {
            "rmse": 50368.94027076607,
            "mae": 30891.560546875,
            "r2": 0.7169220401037246,
            "score": -50368.94027076607
        },
        "test": {
            "rmse": 48866.88138197485,
            "mae": 29657.060546875,
            "r2": 0.7237559830040259,
            "score": -48866.88138197485
        }
    },
    "time": "0:01:53.919116",
    "chunk_size": null,
    "eval_batch_size": 32768
}