{
    "function": "bin.model.main",
    "gpus": [
        "NVIDIA A100 80GB PCIe MIG 2g.20gb"
    ],
    "config": {
        "seed": 8,
        "batch_size": 512,
        "patience": 16,
        "n_epochs": -1,
        "gradient_clipping_norm": 1.0,
        "amp": true,
        "data": {
            "cache": true,
            "path": "/home/elicer/tabm/SEUNGTAE/korea_base/dataset",
            "num_policy": "noisy-quantile",
            "cat_policy": "ordinal"
        },
        "optimizer": {
            "type": "AdamW",
            "lr": 0.0011563746902507038,
            "weight_decay": 0.0015827100831528388
        },
        "model": {
            "arch_type": "tabm",
            "k": 32,
            "share_training_batches": false,
            "backbone": {
                "type": "MLP",
                "n_blocks": 4,
                "d_block": 256,
                "dropout": 0.08464895567510722
            }
        }
    },
    "n_parameters": 315104,
    "prediction_type": "labels",
    "epoch_size": 63,
    "best_step": 10269,
    "metrics": {
        "train": {
            "rmse": 40267.073198830825,
            "mae": 25345.9296875,
            "r2": 0.8180981632869467,
            "score": -40267.073198830825
        },
        "val": {
            "rmse": 51875.01780240658,
            "mae": 31493.48046875,
            "r2": 0.6997403677612946,
            "score": -51875.01780240658
        },
        "test": {
            "rmse": 51046.43721162134,
            "mae": 30751.298828125,
            "r2": 0.698564430017244,
            "score": -51046.43721162134
        }
    },
    "time": "0:01:40.830401",
    "chunk_size": null,
    "eval_batch_size": 32768,
    "heads": [
        3
    ],
    "head_selection_time": "0:00:00.031825"
}