{
    "function": "bin.model.main",
    "gpus": [
        "NVIDIA GeForce RTX 2080 Ti",
        "NVIDIA GeForce RTX 2080 Ti",
        "NVIDIA GeForce RTX 2080 Ti"
    ],
    "config": {
        "seed": 4,
        "batch_size": 512,
        "patience": 16,
        "n_epochs": -1,
        "gradient_clipping_norm": 1.0,
        "amp": true,
        "data": {
            "cache": true,
            "path": "SEUNGTAE/korea_base_mini/dataset",
            "num_policy": "noisy-quantile",
            "cat_policy": "ordinal"
        },
        "optimizer": {
            "type": "AdamW",
            "lr": 0.001585036863603441,
            "weight_decay": 0.0
        },
        "model": {
            "arch_type": "tabm-mini",
            "k": 32,
            "share_training_batches": false,
            "backbone": {
                "type": "MLP",
                "n_blocks": 4,
                "d_block": 288,
                "dropout": 0.19829332106574343
            }
        }
    },
    "n_parameters": 281632,
    "prediction_type": "labels",
    "epoch_size": 18,
    "best_step": 1044,
    "metrics": {
        "train": {
            "rmse": 54924.690841187265,
            "mae": 37736.6484375,
            "r2": 0.7334894141333697,
            "score": -54924.690841187265
        },
        "val": {
            "rmse": 66045.99609363159,
            "mae": 44818.359375,
            "r2": 0.6068165430334871,
            "score": -66045.99609363159
        },
        "test": {
            "rmse": 67077.03416222277,
            "mae": 44915.84765625,
            "r2": 0.6062996448266724,
            "score": -67077.03416222277
        }
    },
    "time": "0:00:10.215387",
    "chunk_size": null,
    "eval_batch_size": 32768,
    "heads": [
        15
    ],
    "head_selection_time": "0:00:00.025589"
}