{
    "function": "bin.model.main",
    "gpus": [
        "NVIDIA GeForce RTX 2080 Ti",
        "NVIDIA GeForce RTX 2080 Ti",
        "NVIDIA GeForce RTX 2080 Ti"
    ],
    "config": {
        "seed": 13,
        "batch_size": 512,
        "patience": 16,
        "n_epochs": -1,
        "gradient_clipping_norm": 1.0,
        "amp": true,
        "data": {
            "cache": true,
            "path": "SEUNGTAE/korea_base_mini/dataset",
            "num_policy": "noisy-quantile",
            "cat_policy": "ordinal"
        },
        "optimizer": {
            "type": "AdamW",
            "lr": 0.001585036863603441,
            "weight_decay": 0.0
        },
        "model": {
            "arch_type": "tabm-mini",
            "k": 32,
            "share_training_batches": false,
            "backbone": {
                "type": "MLP",
                "n_blocks": 4,
                "d_block": 288,
                "dropout": 0.19829332106574343
            }
        }
    },
    "n_parameters": 281632,
    "prediction_type": "labels",
    "epoch_size": 18,
    "best_step": 1170,
    "metrics": {
        "train": {
            "rmse": 50411.95540742295,
            "mae": 34233.26171875,
            "r2": 0.7754844964374659,
            "score": -50411.95540742295
        },
        "val": {
            "rmse": 65690.25206223523,
            "mae": 43732.5546875,
            "r2": 0.6110407465577234,
            "score": -65690.25206223523
        },
        "test": {
            "rmse": 65583.08074496043,
            "mae": 43446.6171875,
            "r2": 0.6236415194803742,
            "score": -65583.08074496043
        }
    },
    "time": "0:00:11.118982",
    "chunk_size": null,
    "eval_batch_size": 32768
}