{
    "function": "bin.model.main",
    "gpus": [
        "NVIDIA GeForce RTX 2080 Ti",
        "NVIDIA GeForce RTX 2080 Ti",
        "NVIDIA GeForce RTX 2080 Ti"
    ],
    "n_parameters": 281632,
    "scores": {
        "train": -50411.95540742295,
        "val": -65690.25206223523,
        "test": -65583.08074496043
    },
    "time": "0:00:11.118982"
}