{
    "function": "bin.model.main",
    "gpus": [
        "NVIDIA GeForce RTX 2080 Ti",
        "NVIDIA GeForce RTX 2080 Ti",
        "NVIDIA GeForce RTX 2080 Ti"
    ],
    "config": {
        "seed": 1,
        "batch_size": 512,
        "patience": 16,
        "n_epochs": -1,
        "gradient_clipping_norm": 1.0,
        "amp": true,
        "data": {
            "cache": true,
            "path": "/home/dxlab/data/dxlab/jupyter/seungtae/tabm/SEUNGTAE/korea_undersample/dataset",
            "num_policy": "noisy-quantile",
            "cat_policy": "ordinal"
        },
        "optimizer": {
            "type": "AdamW",
            "lr": 0.001585036863603441,
            "weight_decay": 0.0
        },
        "model": {
            "arch_type": "tabm-mini",
            "k": 32,
            "share_training_batches": false,
            "backbone": {
                "type": "MLP",
                "n_blocks": 4,
                "d_block": 288,
                "dropout": 0.19829332106574343
            }
        }
    },
    "n_parameters": 281632,
    "prediction_type": "labels",
    "epoch_size": 18,
    "best_step": 1332,
    "metrics": {
        "train": {
            "rmse": 52899.98533081082,
            "mae": 35792.33203125,
            "r2": 0.7527761859665596,
            "score": -52899.98533081082
        },
        "val": {
            "rmse": 65862.07552150176,
            "mae": 43556.7890625,
            "r2": 0.609003338025649,
            "score": -65862.07552150176
        },
        "test": {
            "rmse": 66778.5718924866,
            "mae": 44136.90234375,
            "r2": 0.6097954746562015,
            "score": -66778.5718924866
        }
    },
    "time": "0:00:13.805018",
    "chunk_size": null,
    "eval_batch_size": 32768,
    "heads": [
        7
    ],
    "head_selection_time": "0:00:00.023878"
}