{
    "function": "bin.model.main",
    "gpus": [
        "NVIDIA GeForce RTX 2080 Ti",
        "NVIDIA GeForce RTX 2080 Ti",
        "NVIDIA GeForce RTX 2080 Ti"
    ],
    "config": {
        "seed": 3,
        "batch_size": 512,
        "patience": 16,
        "n_epochs": -1,
        "gradient_clipping_norm": 1.0,
        "amp": true,
        "data": {
            "cache": true,
            "path": "/home/dxlab/data/dxlab/jupyter/seungtae/tabm/SEUNGTAE/korea_undersample/dataset",
            "num_policy": "noisy-quantile",
            "cat_policy": "ordinal"
        },
        "optimizer": {
            "type": "AdamW",
            "lr": 0.001585036863603441,
            "weight_decay": 0.0
        },
        "model": {
            "arch_type": "tabm-mini",
            "k": 32,
            "share_training_batches": false,
            "backbone": {
                "type": "MLP",
                "n_blocks": 4,
                "d_block": 288,
                "dropout": 0.19829332106574343
            }
        }
    },
    "n_parameters": 281632,
    "prediction_type": "labels",
    "epoch_size": 18,
    "best_step": 1116,
    "metrics": {
        "train": {
            "rmse": 50290.28566234239,
            "mae": 34005.1875,
            "r2": 0.7765669176780067,
            "score": -50290.28566234239
        },
        "val": {
            "rmse": 64989.301765752185,
            "mae": 43137.75,
            "r2": 0.619297308136246,
            "score": -64989.301765752185
        },
        "test": {
            "rmse": 65324.7238953216,
            "mae": 43055.26171875,
            "r2": 0.6266009467886066,
            "score": -65324.7238953216
        }
    },
    "time": "0:00:10.980254",
    "chunk_size": null,
    "eval_batch_size": 32768
}