{
    "function": "bin.model.main",
    "gpus": [
        "NVIDIA GeForce RTX 2080 Ti",
        "NVIDIA GeForce RTX 2080 Ti",
        "NVIDIA GeForce RTX 2080 Ti"
    ],
    "config": {
        "seed": 11,
        "batch_size": 256,
        "patience": 16,
        "n_epochs": -1,
        "gradient_clipping_norm": 1.0,
        "amp": true,
        "data": {
            "cache": true,
            "path": "/home/dxlab/data/dxlab/jupyter/seungtae/tabm/exp/tabm/korea/dataset",
            "num_policy": "noisy-quantile"
        },
        "optimizer": {
            "type": "AdamW",
            "lr": 0.00011184538628817076,
            "weight_decay": 0.0010913099057351175
        },
        "model": {
            "arch_type": "tabm",
            "k": 32,
            "share_training_batches": false,
            "backbone": {
                "type": "MLP",
                "n_blocks": 4,
                "d_block": 240,
                "dropout": 0.0
            }
        }
    },
    "n_parameters": 287840,
    "prediction_type": "labels",
    "epoch_size": 147,
    "best_step": 14994,
    "metrics": {
        "train": {
            "rmse": 504908.34311189596,
            "mae": 204893.484375,
            "r2": 0.823563425897573,
            "score": -504908.34311189596
        },
        "val": {
            "rmse": 912330.8087749749,
            "mae": 255756.65625,
            "r2": 0.34666443699388794,
            "score": -912330.8087749749
        },
        "test": {
            "rmse": 875849.9682297191,
            "mae": 246358.3125,
            "r2": 0.2316148221683899,
            "score": -875849.9682297191
        }
    },
    "time": "0:48:33.962520",
    "chunk_size": null,
    "eval_batch_size": 32768,
    "heads": [
        0
    ],
    "head_selection_time": "0:00:00.030577"
}