{
    "function": "bin.model.main",
    "gpus": [
        "NVIDIA GeForce RTX 2080 Ti",
        "NVIDIA GeForce RTX 2080 Ti",
        "NVIDIA GeForce RTX 2080 Ti"
    ],
    "config": {
        "seed": 10,
        "batch_size": 256,
        "patience": 16,
        "n_epochs": -1,
        "gradient_clipping_norm": 1.0,
        "amp": true,
        "data": {
            "cache": true,
            "path": "/home/dxlab/data/dxlab/jupyter/seungtae/tabm/exp/tabm/korea/dataset",
            "num_policy": "noisy-quantile"
        },
        "optimizer": {
            "type": "AdamW",
            "lr": 0.00011184538628817076,
            "weight_decay": 0.0010913099057351175
        },
        "model": {
            "arch_type": "tabm",
            "k": 32,
            "share_training_batches": false,
            "backbone": {
                "type": "MLP",
                "n_blocks": 4,
                "d_block": 240,
                "dropout": 0.0
            }
        }
    },
    "n_parameters": 287840,
    "prediction_type": "labels",
    "epoch_size": 147,
    "best_step": 21756,
    "metrics": {
        "train": {
            "rmse": 495791.83657660196,
            "mae": 206648.109375,
            "r2": 0.8298772966878563,
            "score": -495791.83657660196
        },
        "val": {
            "rmse": 938519.3232235551,
            "mae": 262822.25,
            "r2": 0.30861803219924167,
            "score": -938519.3232235551
        },
        "test": {
            "rmse": 969868.7965369336,
            "mae": 259907.109375,
            "r2": 0.05779471428641325,
            "score": -969868.7965369336
        }
    },
    "time": "1:07:31.015554",
    "chunk_size": null,
    "eval_batch_size": 32768,
    "heads": [
        20
    ],
    "head_selection_time": "0:00:00.031323"
}