{
    "function": "bin.model.main",
    "gpus": [
        "NVIDIA GeForce RTX 2080 Ti",
        "NVIDIA GeForce RTX 2080 Ti",
        "NVIDIA GeForce RTX 2080 Ti"
    ],
    "n_parameters": 287840,
    "scores": {
        "train": -463790.66836666735,
        "val": -866952.4570678602,
        "test": -826587.5693427769
    },
    "time": "1:03:58.114124"
}