{
    "function": "bin.model.main",
    "gpus": [
        "NVIDIA A100 80GB PCIe MIG 2g.20gb"
    ],
    "config": {
        "seed": 13,
        "batch_size": 512,
        "patience": 16,
        "n_epochs": -1,
        "gradient_clipping_norm": 1.0,
        "amp": true,
        "data": {
            "cache": true,
            "path": "/home/elicer/tabm/SEUNGTAE/korea_base/dataset",
            "num_policy": "noisy-quantile",
            "cat_policy": "ordinal"
        },
        "optimizer": {
            "type": "AdamW",
            "lr": 0.0011563746902507038,
            "weight_decay": 0.0015827100831528388
        },
        "model": {
            "arch_type": "tabm",
            "k": 32,
            "share_training_batches": false,
            "backbone": {
                "type": "MLP",
                "n_blocks": 4,
                "d_block": 256,
                "dropout": 0.08464895567510722
            }
        }
    },
    "n_parameters": 315104,
    "prediction_type": "labels",
    "epoch_size": 63,
    "best_step": 9954,
    "metrics": {
        "train": {
            "rmse": 38062.498499178946,
            "mae": 24073.94140625,
            "r2": 0.8374707519699282,
            "score": -38062.498499178946
        },
        "val": {
            "rmse": 50459.57875369155,
            "mae": 30931.787109375,
            "r2": 0.7159023236640946,
            "score": -50459.57875369155
        },
        "test": {
            "rmse": 48987.11667367248,
            "mae": 29686.18359375,
            "r2": 0.7223949409122483,
            "score": -48987.11667367248
        }
    },
    "time": "0:01:37.851867",
    "chunk_size": null,
    "eval_batch_size": 32768
}