{
    "function": "bin.model.main",
    "gpus": [
        "NVIDIA GeForce RTX 2080 Ti",
        "NVIDIA GeForce RTX 2080 Ti",
        "NVIDIA GeForce RTX 2080 Ti"
    ],
    "config": {
        "seed": 4,
        "batch_size": 256,
        "patience": 16,
        "n_epochs": -1,
        "gradient_clipping_norm": 1.0,
        "amp": true,
        "data": {
            "cache": true,
            "path": "/home/dxlab/data/dxlab/jupyter/seungtae/tabm/exp/tabm/korea/dataset",
            "num_policy": "noisy-quantile"
        },
        "optimizer": {
            "type": "AdamW",
            "lr": 0.00011184538628817076,
            "weight_decay": 0.0010913099057351175
        },
        "model": {
            "arch_type": "tabm",
            "k": 32,
            "share_training_batches": false,
            "backbone": {
                "type": "MLP",
                "n_blocks": 4,
                "d_block": 240,
                "dropout": 0.0
            }
        }
    },
    "n_parameters": 287840,
    "prediction_type": "labels",
    "epoch_size": 147,
    "best_step": 5880,
    "metrics": {
        "train": {
            "rmse": 784411.7384129332,
            "mae": 239522.5,
            "r2": 0.5741548810417887,
            "score": -784411.7384129332
        },
        "val": {
            "rmse": 878846.2848803538,
            "mae": 260236.609375,
            "r2": 0.3937420490927964,
            "score": -878846.2848803538
        },
        "test": {
            "rmse": 848504.459764355,
            "mae": 250758.640625,
            "r2": 0.27884638387767147,
            "score": -848504.459764355
        }
    },
    "time": "0:23:02.129269",
    "chunk_size": null,
    "eval_batch_size": 32768,
    "heads": [
        30,
        4,
        0
    ],
    "head_selection_time": "0:00:00.113940"
}