{
    "function": "bin.model.main",
    "gpus": [
        "NVIDIA GeForce RTX 2080 Ti",
        "NVIDIA GeForce RTX 2080 Ti",
        "NVIDIA GeForce RTX 2080 Ti"
    ],
    "config": {
        "seed": 0,
        "batch_size": 512,
        "patience": 16,
        "n_epochs": -1,
        "gradient_clipping_norm": 1.0,
        "amp": true,
        "data": {
            "cache": true,
            "path": "/home/dxlab/data/dxlab/jupyter/seungtae/tabm/SEUNGTAE/korea_undersample_tabm/dataset",
            "num_policy": "noisy-quantile",
            "cat_policy": "ordinal"
        },
        "optimizer": {
            "type": "AdamW",
            "lr": 0.0008349259297406521,
            "weight_decay": 0.0
        },
        "model": {
            "arch_type": "tabm",
            "k": 32,
            "share_training_batches": false,
            "backbone": {
                "type": "MLP",
                "n_blocks": 3,
                "d_block": 272,
                "dropout": 0.360863070008947
            }
        }
    },
    "n_parameters": 247616,
    "prediction_type": "labels",
    "epoch_size": 18,
    "best_step": 3654,
    "metrics": {
        "train": {
            "rmse": 50634.81300449326,
            "mae": 34235.59765625,
            "r2": 0.7734950615213163,
            "score": -50634.81300449326
        },
        "val": {
            "rmse": 65202.23210903136,
            "mae": 43290.56640625,
            "r2": 0.6167985226774377,
            "score": -65202.23210903136
        },
        "test": {
            "rmse": 66043.76730623413,
            "mae": 43480.66015625,
            "r2": 0.6183355182268143,
            "score": -66043.76730623413
        }
    },
    "time": "0:00:28.553482",
    "chunk_size": null,
    "eval_batch_size": 32768,
    "heads": [
        24
    ],
    "head_selection_time": "0:00:00.026939"
}