{
    "function": "bin.model.main",
    "gpus": [
        "NVIDIA GeForce RTX 2080 Ti",
        "NVIDIA GeForce RTX 2080 Ti",
        "NVIDIA GeForce RTX 2080 Ti"
    ],
    "n_parameters": 281632,
    "scores": {
        "train": -53402.784646495726,
        "val": -65628.16956155337,
        "test": -66195.76107274543
    },
    "time": "0:00:09.333455"
}