{
    "function": "bin.model.main",
    "gpus": [
        "NVIDIA GeForce RTX 2080 Ti",
        "NVIDIA GeForce RTX 2080 Ti",
        "NVIDIA GeForce RTX 2080 Ti"
    ],
    "config": {
        "seed": 5,
        "batch_size": 512,
        "patience": 16,
        "n_epochs": -1,
        "gradient_clipping_norm": 1.0,
        "amp": true,
        "data": {
            "cache": true,
            "path": "/home/dxlab/data/dxlab/jupyter/seungtae/tabm/SEUNGTAE/korea_undersample_tabm/dataset",
            "num_policy": "noisy-quantile",
            "cat_policy": "ordinal"
        },
        "optimizer": {
            "type": "AdamW",
            "lr": 0.0008349259297406521,
            "weight_decay": 0.0
        },
        "model": {
            "arch_type": "tabm",
            "k": 32,
            "share_training_batches": false,
            "backbone": {
                "type": "MLP",
                "n_blocks": 3,
                "d_block": 272,
                "dropout": 0.360863070008947
            }
        }
    },
    "n_parameters": 247616,
    "prediction_type": "labels",
    "epoch_size": 18,
    "best_step": 2268,
    "metrics": {
        "train": {
            "rmse": 57186.7688193694,
            "mae": 38858.12890625,
            "r2": 0.7110848190856858,
            "score": -57186.7688193694
        },
        "val": {
            "rmse": 65023.513777709675,
            "mae": 43748.74609375,
            "r2": 0.6188963606392028,
            "score": -65023.513777709675
        },
        "test": {
            "rmse": 66812.43285497093,
            "mae": 44421.65625,
            "r2": 0.6093996619531326,
            "score": -66812.43285497093
        }
    },
    "time": "0:00:19.312418",
    "chunk_size": null,
    "eval_batch_size": 32768,
    "heads": [
        17
    ],
    "head_selection_time": "0:00:00.025305"
}