{
    "function": "bin.model.main",
    "gpus": [
        "NVIDIA GeForce RTX 2080 Ti",
        "NVIDIA GeForce RTX 2080 Ti",
        "NVIDIA GeForce RTX 2080 Ti"
    ],
    "config": {
        "seed": 11,
        "batch_size": 512,
        "patience": 16,
        "n_epochs": -1,
        "gradient_clipping_norm": 1.0,
        "amp": true,
        "data": {
            "cache": true,
            "path": "/home/dxlab/data/dxlab/jupyter/seungtae/tabm/SEUNGTAE/korea_undersample/dataset",
            "num_policy": "noisy-quantile",
            "cat_policy": "ordinal"
        },
        "optimizer": {
            "type": "AdamW",
            "lr": 0.001585036863603441,
            "weight_decay": 0.0
        },
        "model": {
            "arch_type": "tabm-mini",
            "k": 32,
            "share_training_batches": false,
            "backbone": {
                "type": "MLP",
                "n_blocks": 4,
                "d_block": 288,
                "dropout": 0.19829332106574343
            }
        }
    },
    "n_parameters": 281632,
    "prediction_type": "labels",
    "epoch_size": 18,
    "best_step": 1188,
    "metrics": {
        "train": {
            "rmse": 51214.0055844102,
            "mae": 34801.25,
            "r2": 0.7682836225994749,
            "score": -51214.0055844102
        },
        "val": {
            "rmse": 65368.165952549105,
            "mae": 43596.8828125,
            "r2": 0.6148455936984569,
            "score": -65368.165952549105
        },
        "test": {
            "rmse": 65391.06238623135,
            "mae": 43265.25,
            "r2": 0.6258421405693549,
            "score": -65391.06238623135
        }
    },
    "time": "0:00:11.654968",
    "chunk_size": null,
    "eval_batch_size": 32768
}