{
    "function": "bin.model.main",
    "gpus": [
        "NVIDIA A100 80GB PCIe MIG 2g.20gb"
    ],
    "config": {
        "seed": 6,
        "batch_size": 512,
        "patience": 16,
        "n_epochs": -1,
        "gradient_clipping_norm": 1.0,
        "amp": true,
        "data": {
            "cache": true,
            "path": "/home/elicer/tabm/SEUNGTAE/korea_base/dataset",
            "num_policy": "noisy-quantile",
            "cat_policy": "ordinal"
        },
        "optimizer": {
            "type": "AdamW",
            "lr": 0.0011563746902507038,
            "weight_decay": 0.0015827100831528388
        },
        "model": {
            "arch_type": "tabm",
            "k": 32,
            "share_training_batches": false,
            "backbone": {
                "type": "MLP",
                "n_blocks": 4,
                "d_block": 256,
                "dropout": 0.08464895567510722
            }
        }
    },
    "n_parameters": 315104,
    "prediction_type": "labels",
    "epoch_size": 63,
    "best_step": 14490,
    "metrics": {
        "train": {
            "rmse": 36267.013331676484,
            "mae": 23091.32421875,
            "r2": 0.8524427683291249,
            "score": -36267.013331676484
        },
        "val": {
            "rmse": 50221.76484354169,
            "mae": 30717.517578125,
            "r2": 0.7185739020788269,
            "score": -50221.76484354169
        },
        "test": {
            "rmse": 49137.271230706334,
            "mae": 29716.830078125,
            "r2": 0.7206904939140384,
            "score": -49137.271230706334
        }
    },
    "time": "0:02:18.631440",
    "chunk_size": null,
    "eval_batch_size": 32768
}