{
    "function": "bin.model.main",
    "gpus": [
        "NVIDIA GeForce RTX 2080 Ti",
        "NVIDIA GeForce RTX 2080 Ti",
        "NVIDIA GeForce RTX 2080 Ti"
    ],
    "config": {
        "seed": 10,
        "batch_size": 256,
        "patience": 16,
        "n_epochs": -1,
        "gradient_clipping_norm": 1.0,
        "amp": true,
        "data": {
            "cache": true,
            "path": "/home/dxlab/data/dxlab/jupyter/seungtae/tabm/exp/tabm/korea/dataset",
            "num_policy": "noisy-quantile"
        },
        "optimizer": {
            "type": "AdamW",
            "lr": 0.00011184538628817076,
            "weight_decay": 0.0010913099057351175
        },
        "model": {
            "arch_type": "tabm",
            "k": 32,
            "share_training_batches": false,
            "backbone": {
                "type": "MLP",
                "n_blocks": 4,
                "d_block": 240,
                "dropout": 0.0
            }
        }
    },
    "n_parameters": 287840,
    "prediction_type": "labels",
    "epoch_size": 147,
    "best_step": 21756,
    "metrics": {
        "train": {
            "rmse": 425090.75578751415,
            "mae": 175598.4375,
            "r2": 0.8749375766192778,
            "score": -425090.75578751415
        },
        "val": {
            "rmse": 894988.4484260117,
            "mae": 241372.9375,
            "r2": 0.3712666533905349,
            "score": -894988.4484260117
        },
        "test": {
            "rmse": 827513.3376375271,
            "mae": 229225.875,
            "r2": 0.3140862350892084,
            "score": -827513.3376375271
        }
    },
    "time": "1:07:31.015554",
    "chunk_size": null,
    "eval_batch_size": 32768
}