{
    "function": "bin.model.main",
    "gpus": [
        "NVIDIA GeForce RTX 2080 Ti",
        "NVIDIA GeForce RTX 2080 Ti",
        "NVIDIA GeForce RTX 2080 Ti"
    ],
    "n_parameters": 287840,
    "scores": {
        "train": -425090.75578751415,
        "val": -894988.4484260117,
        "test": -827513.3376375271
    },
    "time": "1:07:31.015554"
}