{
    "function": "bin.model.main",
    "gpus": [
        "NVIDIA GeForce RTX 2080 Ti",
        "NVIDIA GeForce RTX 2080 Ti",
        "NVIDIA GeForce RTX 2080 Ti"
    ],
    "n_parameters": 451040,
    "scores": {
        "train": -61117.70048030276,
        "val": -73321.03654477342,
        "test": -73474.94070769979
    },
    "time": "0:00:57.697465"
}