{
    "function": "bin.model.main",
    "gpus": [
        "NVIDIA GeForce RTX 2080 Ti",
        "NVIDIA GeForce RTX 2080 Ti",
        "NVIDIA GeForce RTX 2080 Ti"
    ],
    "config": {
        "seed": 11,
        "batch_size": 256,
        "patience": 16,
        "n_epochs": -1,
        "gradient_clipping_norm": 1.0,
        "amp": true,
        "data": {
            "cache": true,
            "path": "/home/dxlab/data/dxlab/jupyter/seungtae/tabm/SEUNGTAE/korea1.5/dataset",
            "num_policy": "noisy-quantile"
        },
        "optimizer": {
            "type": "AdamW",
            "lr": 0.0003008643713310103,
            "weight_decay": 0.0003585076100054745
        },
        "model": {
            "arch_type": "tabm-mini",
            "k": 32,
            "share_training_batches": false,
            "backbone": {
                "type": "MLP",
                "n_blocks": 5,
                "d_block": 320,
                "dropout": 0.0
            }
        }
    },
    "n_parameters": 451040,
    "prediction_type": "labels",
    "epoch_size": 129,
    "best_step": 8385,
    "metrics": {
        "train": {
            "rmse": 72248.87830271138,
            "mae": 49554.7421875,
            "r2": 0.4305117558807503,
            "score": -72248.87830271138
        },
        "val": {
            "rmse": 74798.70801023237,
            "mae": 51495.83984375,
            "r2": 0.37587751793116164,
            "score": -74798.70801023237
        },
        "test": {
            "rmse": 74849.35099251027,
            "mae": 51339.17578125,
            "r2": 0.37286637874421624,
            "score": -74849.35099251027
        }
    },
    "time": "0:00:56.846790",
    "chunk_size": null,
    "eval_batch_size": 32768,
    "heads": [
        4
    ],
    "head_selection_time": "0:00:00.029479"
}