{
    "function": "bin.model.main",
    "gpus": [
        "NVIDIA GeForce RTX 2080 Ti",
        "NVIDIA GeForce RTX 2080 Ti",
        "NVIDIA GeForce RTX 2080 Ti"
    ],
    "config": {
        "seed": 1,
        "batch_size": 512,
        "patience": 16,
        "n_epochs": -1,
        "gradient_clipping_norm": 1.0,
        "amp": true,
        "data": {
            "cache": true,
            "path": "SEUNGTAE/korea_base_mini/dataset",
            "num_policy": "noisy-quantile",
            "cat_policy": "ordinal"
        },
        "optimizer": {
            "type": "AdamW",
            "lr": 0.001585036863603441,
            "weight_decay": 0.0
        },
        "model": {
            "arch_type": "tabm-mini",
            "k": 32,
            "share_training_batches": false,
            "backbone": {
                "type": "MLP",
                "n_blocks": 4,
                "d_block": 288,
                "dropout": 0.19829332106574343
            }
        }
    },
    "n_parameters": 281632,
    "prediction_type": "labels",
    "epoch_size": 18,
    "best_step": 1332,
    "metrics": {
        "train": {
            "rmse": 51313.22480608678,
            "mae": 34871.47265625,
            "r2": 0.7673849467954174,
            "score": -51313.22480608678
        },
        "val": {
            "rmse": 64866.34430889412,
            "mae": 43282.03125,
            "r2": 0.6207364808583571,
            "score": -64866.34430889412
        },
        "test": {
            "rmse": 65464.74642126096,
            "mae": 43276.73828125,
            "r2": 0.6249984734740794,
            "score": -65464.74642126096
        }
    },
    "time": "0:00:13.519248",
    "chunk_size": null,
    "eval_batch_size": 32768,
    "heads": [
        7,
        24,
        5,
        16,
        28,
        19,
        15,
        14
    ],
    "head_selection_time": "0:00:00.219951"
}