{
    "function": "bin.model.main",
    "gpus": [
        "NVIDIA GeForce RTX 2080 Ti",
        "NVIDIA GeForce RTX 2080 Ti",
        "NVIDIA GeForce RTX 2080 Ti"
    ],
    "n_parameters": 451040,
    "scores": {
        "train": -61495.32092769335,
        "val": -73816.71745614268,
        "test": -73836.29199790575
    },
    "time": "0:00:56.391766"
}