{
    "function": "bin.model.main",
    "gpus": [
        "NVIDIA GeForce RTX 2080 Ti",
        "NVIDIA GeForce RTX 2080 Ti",
        "NVIDIA GeForce RTX 2080 Ti"
    ],
    "config": {
        "seed": 12,
        "batch_size": 512,
        "patience": 16,
        "n_epochs": -1,
        "gradient_clipping_norm": 1.0,
        "amp": true,
        "data": {
            "cache": true,
            "path": "/home/dxlab/data/dxlab/jupyter/seungtae/tabm/SEUNGTAE/korea_undersample_tabm/dataset",
            "num_policy": "noisy-quantile",
            "cat_policy": "ordinal"
        },
        "optimizer": {
            "type": "AdamW",
            "lr": 0.0008349259297406521,
            "weight_decay": 0.0
        },
        "model": {
            "arch_type": "tabm",
            "k": 32,
            "share_training_batches": false,
            "backbone": {
                "type": "MLP",
                "n_blocks": 3,
                "d_block": 272,
                "dropout": 0.360863070008947
            }
        }
    },
    "n_parameters": 247616,
    "prediction_type": "labels",
    "epoch_size": 18,
    "best_step": 2682,
    "metrics": {
        "train": {
            "rmse": 55152.16013901903,
            "mae": 37548.67578125,
            "r2": 0.7312773668487987,
            "score": -55152.16013901903
        },
        "val": {
            "rmse": 64726.47483062862,
            "mae": 43521.16796875,
            "r2": 0.6223702982552,
            "score": -64726.47483062862
        },
        "test": {
            "rmse": 65675.73774233526,
            "mae": 43725.15625,
            "r2": 0.6225773292497583,
            "score": -65675.73774233526
        }
    },
    "time": "0:00:21.482794",
    "chunk_size": null,
    "eval_batch_size": 32768
}