{
    "function": "bin.model.main",
    "gpus": [
        "NVIDIA GeForce RTX 2080 Ti",
        "NVIDIA GeForce RTX 2080 Ti",
        "NVIDIA GeForce RTX 2080 Ti"
    ],
    "n_parameters": 281632,
    "scores": {
        "train": -47675.49777401386,
        "val": -64735.78645540657,
        "test": -65151.50294505876
    },
    "time": "0:00:13.658250"
}