{
    "function": "bin.model.main",
    "gpus": [
        "NVIDIA A100 80GB PCIe MIG 2g.20gb"
    ],
    "config": {
        "seed": 8,
        "batch_size": 512,
        "patience": 16,
        "n_epochs": -1,
        "gradient_clipping_norm": 1.0,
        "amp": true,
        "data": {
            "cache": true,
            "path": "/home/elicer/tabm/SEUNGTAE/korea_base/dataset",
            "num_policy": "noisy-quantile",
            "cat_policy": "ordinal"
        },
        "optimizer": {
            "type": "AdamW",
            "lr": 0.0011563746902507038,
            "weight_decay": 0.0015827100831528388
        },
        "model": {
            "arch_type": "tabm",
            "k": 32,
            "share_training_batches": false,
            "backbone": {
                "type": "MLP",
                "n_blocks": 4,
                "d_block": 256,
                "dropout": 0.08464895567510722
            }
        }
    },
    "n_parameters": 315104,
    "prediction_type": "labels",
    "epoch_size": 63,
    "best_step": 10269,
    "metrics": {
        "train": {
            "rmse": 37962.08129173109,
            "mae": 24071.283203125,
            "r2": 0.8383271956136374,
            "score": -37962.08129173109
        },
        "val": {
            "rmse": 50121.76916271013,
            "mae": 30709.3984375,
            "r2": 0.7196934474688281,
            "score": -50121.76916271013
        },
        "test": {
            "rmse": 48927.53433395147,
            "mae": 29685.76171875,
            "r2": 0.7230697928584816,
            "score": -48927.53433395147
        }
    },
    "time": "0:01:40.830401",
    "chunk_size": null,
    "eval_batch_size": 32768,
    "heads": [
        3,
        28,
        25,
        30,
        12,
        22,
        21,
        18,
        28,
        25,
        11,
        2,
        23
    ],
    "head_selection_time": "0:00:00.430506"
}