{
    "function": "bin.model.main",
    "gpus": [
        "NVIDIA GeForce RTX 2080 Ti",
        "NVIDIA GeForce RTX 2080 Ti",
        "NVIDIA GeForce RTX 2080 Ti"
    ],
    "config": {
        "seed": 4,
        "batch_size": 256,
        "patience": 16,
        "n_epochs": -1,
        "gradient_clipping_norm": 1.0,
        "amp": true,
        "data": {
            "cache": true,
            "path": "/home/dxlab/data/dxlab/jupyter/seungtae/tabm/SEUNGTAE/korea1.5/dataset",
            "num_policy": "noisy-quantile"
        },
        "optimizer": {
            "type": "AdamW",
            "lr": 0.0003008643713310103,
            "weight_decay": 0.0003585076100054745
        },
        "model": {
            "arch_type": "tabm-mini",
            "k": 32,
            "share_training_batches": false,
            "backbone": {
                "type": "MLP",
                "n_blocks": 5,
                "d_block": 320,
                "dropout": 0.0
            }
        }
    },
    "n_parameters": 451040,
    "prediction_type": "labels",
    "epoch_size": 129,
    "best_step": 6579,
    "metrics": {
        "train": {
            "rmse": 68036.24445837674,
            "mae": 45685.08203125,
            "r2": 0.4949862741954252,
            "score": -68036.24445837674
        },
        "val": {
            "rmse": 73308.4311658625,
            "mae": 49146.3984375,
            "r2": 0.40049965360434636,
            "score": -73308.4311658625
        },
        "test": {
            "rmse": 73557.319798916,
            "mae": 49289.12109375,
            "r2": 0.39433032504429255,
            "score": -73557.319798916
        }
    },
    "time": "0:00:47.444400",
    "chunk_size": null,
    "eval_batch_size": 32768,
    "heads": [
        9,
        26,
        18,
        5,
        7,
        6,
        16,
        1,
        12,
        25,
        17,
        3,
        5,
        31
    ],
    "head_selection_time": "0:00:00.435339"
}