{
    "function": "bin.model.main",
    "gpus": [
        "NVIDIA GeForce RTX 2080 Ti",
        "NVIDIA GeForce RTX 2080 Ti",
        "NVIDIA GeForce RTX 2080 Ti"
    ],
    "config": {
        "seed": 13,
        "batch_size": 512,
        "patience": 16,
        "n_epochs": -1,
        "gradient_clipping_norm": 1.0,
        "amp": true,
        "data": {
            "cache": true,
            "path": "/home/dxlab/data/dxlab/jupyter/seungtae/tabm/SEUNGTAE/korea_undersample_tabm/dataset",
            "num_policy": "noisy-quantile",
            "cat_policy": "ordinal"
        },
        "optimizer": {
            "type": "AdamW",
            "lr": 0.0008349259297406521,
            "weight_decay": 0.0
        },
        "model": {
            "arch_type": "tabm",
            "k": 32,
            "share_training_batches": false,
            "backbone": {
                "type": "MLP",
                "n_blocks": 3,
                "d_block": 272,
                "dropout": 0.360863070008947
            }
        }
    },
    "n_parameters": 247616,
    "prediction_type": "labels",
    "epoch_size": 18,
    "best_step": 3654,
    "metrics": {
        "train": {
            "rmse": 55744.133180093486,
            "mae": 38028.50390625,
            "r2": 0.7254777640323598,
            "score": -55744.133180093486
        },
        "val": {
            "rmse": 64960.084729008784,
            "mae": 43890.6484375,
            "r2": 0.6196395090104493,
            "score": -64960.084729008784
        },
        "test": {
            "rmse": 65826.5629058665,
            "mae": 44098.703125,
            "r2": 0.6208418437963958,
            "score": -65826.5629058665
        }
    },
    "time": "0:00:29.257754",
    "chunk_size": null,
    "eval_batch_size": 32768,
    "heads": [
        14
    ],
    "head_selection_time": "0:00:00.025740"
}