{
    "function": "bin.model.main",
    "gpus": [
        "NVIDIA GeForce RTX 2080 Ti",
        "NVIDIA GeForce RTX 2080 Ti",
        "NVIDIA GeForce RTX 2080 Ti"
    ],
    "config": {
        "seed": 3,
        "batch_size": 256,
        "patience": 16,
        "n_epochs": -1,
        "gradient_clipping_norm": 1.0,
        "amp": true,
        "data": {
            "cache": true,
            "path": "/home/dxlab/data/dxlab/jupyter/seungtae/tabm/exp/tabm/korea/dataset",
            "num_policy": "noisy-quantile"
        },
        "optimizer": {
            "type": "AdamW",
            "lr": 0.00011184538628817076,
            "weight_decay": 0.0010913099057351175
        },
        "model": {
            "arch_type": "tabm",
            "k": 32,
            "share_training_batches": false,
            "backbone": {
                "type": "MLP",
                "n_blocks": 4,
                "d_block": 240,
                "dropout": 0.0
            }
        }
    },
    "n_parameters": 287840,
    "prediction_type": "labels",
    "epoch_size": 147,
    "best_step": 9408,
    "metrics": {
        "train": {
            "rmse": 817582.9239704068,
            "mae": 255949.390625,
            "r2": 0.537377113027331,
            "score": -817582.9239704068
        },
        "val": {
            "rmse": 917790.3124701197,
            "mae": 275122.96875,
            "r2": 0.33882167864378787,
            "score": -917790.3124701197
        },
        "test": {
            "rmse": 856020.974995356,
            "mae": 264214.03125,
            "r2": 0.2660130736190017,
            "score": -856020.974995356
        }
    },
    "time": "0:32:54.200121",
    "chunk_size": null,
    "eval_batch_size": 32768,
    "heads": [
        8
    ],
    "head_selection_time": "0:00:00.031847"
}