{
    "function": "bin.model.main",
    "gpus": [
        "NVIDIA GeForce RTX 2080 Ti",
        "NVIDIA GeForce RTX 2080 Ti",
        "NVIDIA GeForce RTX 2080 Ti"
    ],
    "config": {
        "seed": 8,
        "batch_size": 256,
        "patience": 16,
        "n_epochs": -1,
        "gradient_clipping_norm": 1.0,
        "amp": true,
        "data": {
            "cache": true,
            "path": "/home/dxlab/data/dxlab/jupyter/seungtae/tabm/exp/tabm/korea/dataset",
            "num_policy": "noisy-quantile"
        },
        "optimizer": {
            "type": "AdamW",
            "lr": 0.00011184538628817076,
            "weight_decay": 0.0010913099057351175
        },
        "model": {
            "arch_type": "tabm",
            "k": 32,
            "share_training_batches": false,
            "backbone": {
                "type": "MLP",
                "n_blocks": 4,
                "d_block": 240,
                "dropout": 0.0
            }
        }
    },
    "n_parameters": 287840,
    "prediction_type": "labels",
    "epoch_size": 147,
    "best_step": 11172,
    "metrics": {
        "train": {
            "rmse": 514538.37964528945,
            "mae": 201426.390625,
            "r2": 0.8167689562002125,
            "score": -514538.37964528945
        },
        "val": {
            "rmse": 887924.4398843856,
            "mae": 244725.9375,
            "r2": 0.38115245379361895,
            "score": -887924.4398843856
        },
        "test": {
            "rmse": 845812.4163855718,
            "mae": 235175.4375,
            "r2": 0.28341511018658305,
            "score": -845812.4163855718
        }
    },
    "time": "0:37:51.507173",
    "chunk_size": null,
    "eval_batch_size": 32768
}