{
    "function": "bin.model.main",
    "gpus": [
        "NVIDIA GeForce RTX 2080 Ti",
        "NVIDIA GeForce RTX 2080 Ti",
        "NVIDIA GeForce RTX 2080 Ti"
    ],
    "n_parameters": 287840,
    "scores": {
        "train": -514538.37964528945,
        "val": -887924.4398843856,
        "test": -845812.4163855718
    },
    "time": "0:37:51.507173"
}