{
    "function": "bin.model.main",
    "gpus": [
        "NVIDIA GeForce RTX 2080 Ti",
        "NVIDIA GeForce RTX 2080 Ti",
        "NVIDIA GeForce RTX 2080 Ti"
    ],
    "n_parameters": 281632,
    "scores": {
        "train": -53276.29776927071,
        "val": -65410.618342895985,
        "test": -65866.59584341671
    },
    "time": "0:00:09.485293"
}