{
    "function": "bin.model.main",
    "gpus": [
        "NVIDIA GeForce RTX 2080 Ti",
        "NVIDIA GeForce RTX 2080 Ti",
        "NVIDIA GeForce RTX 2080 Ti"
    ],
    "config": {
        "seed": 9,
        "batch_size": 512,
        "patience": 16,
        "n_epochs": -1,
        "gradient_clipping_norm": 1.0,
        "amp": true,
        "data": {
            "cache": true,
            "path": "SEUNGTAE/korea_base_mini/dataset",
            "num_policy": "noisy-quantile",
            "cat_policy": "ordinal"
        },
        "optimizer": {
            "type": "AdamW",
            "lr": 0.001585036863603441,
            "weight_decay": 0.0
        },
        "model": {
            "arch_type": "tabm-mini",
            "k": 32,
            "share_training_batches": false,
            "backbone": {
                "type": "MLP",
                "n_blocks": 4,
                "d_block": 288,
                "dropout": 0.19829332106574343
            }
        }
    },
    "n_parameters": 281632,
    "prediction_type": "labels",
    "epoch_size": 18,
    "best_step": 954,
    "metrics": {
        "train": {
            "rmse": 53493.41282812305,
            "mae": 36293.8515625,
            "r2": 0.7471983790279209,
            "score": -53493.41282812305
        },
        "val": {
            "rmse": 65463.04142033122,
            "mae": 43803.84765625,
            "r2": 0.6137267712515122,
            "score": -65463.04142033122
        },
        "test": {
            "rmse": 65915.94162264543,
            "mae": 43649.01171875,
            "r2": 0.6198114997459905,
            "score": -65915.94162264543
        }
    },
    "time": "0:00:09.643929",
    "chunk_size": null,
    "eval_batch_size": 32768
}