{
    "function": "bin.model.main",
    "gpus": [
        "NVIDIA A100 80GB PCIe MIG 2g.20gb"
    ],
    "config": {
        "seed": 11,
        "batch_size": 512,
        "patience": 16,
        "n_epochs": -1,
        "gradient_clipping_norm": 1.0,
        "amp": true,
        "data": {
            "cache": true,
            "path": "/home/elicer/tabm/SEUNGTAE/korea_base/dataset",
            "num_policy": "noisy-quantile",
            "cat_policy": "ordinal"
        },
        "optimizer": {
            "type": "AdamW",
            "lr": 0.0011563746902507038,
            "weight_decay": 0.0015827100831528388
        },
        "model": {
            "arch_type": "tabm",
            "k": 32,
            "share_training_batches": false,
            "backbone": {
                "type": "MLP",
                "n_blocks": 4,
                "d_block": 256,
                "dropout": 0.08464895567510722
            }
        }
    },
    "n_parameters": 315104,
    "prediction_type": "labels",
    "epoch_size": 63,
    "best_step": 12978,
    "metrics": {
        "train": {
            "rmse": 40440.24292706462,
            "mae": 26151.453125,
            "r2": 0.8165302674299019,
            "score": -40440.24292706462
        },
        "val": {
            "rmse": 51919.53405029748,
            "mae": 32333.466796875,
            "r2": 0.6992248099242433,
            "score": -51919.53405029748
        },
        "test": {
            "rmse": 51164.33757999804,
            "mae": 31665.84375,
            "r2": 0.697170358057924,
            "score": -51164.33757999804
        }
    },
    "time": "0:02:04.995785",
    "chunk_size": null,
    "eval_batch_size": 32768,
    "heads": [
        26
    ],
    "head_selection_time": "0:00:00.030527"
}