{
    "function": "bin.ensemble.main",
    "scores": {
        "train": -63415.37176426549,
        "val": -72902.3421297286,
        "test": -73040.33471993402
    }
}