{
    "function": "bin.model.main",
    "gpus": [
        "NVIDIA GeForce RTX 2080 Ti",
        "NVIDIA GeForce RTX 2080 Ti",
        "NVIDIA GeForce RTX 2080 Ti"
    ],
    "config": {
        "seed": 7,
        "batch_size": 512,
        "patience": 16,
        "n_epochs": -1,
        "gradient_clipping_norm": 1.0,
        "amp": true,
        "data": {
            "cache": true,
            "path": "/home/dxlab/data/dxlab/jupyter/seungtae/tabm/SEUNGTAE/korea_undersample_tabm/dataset",
            "num_policy": "noisy-quantile",
            "cat_policy": "ordinal"
        },
        "optimizer": {
            "type": "AdamW",
            "lr": 0.0008349259297406521,
            "weight_decay": 0.0
        },
        "model": {
            "arch_type": "tabm",
            "k": 32,
            "share_training_batches": false,
            "backbone": {
                "type": "MLP",
                "n_blocks": 3,
                "d_block": 272,
                "dropout": 0.360863070008947
            }
        }
    },
    "n_parameters": 247616,
    "prediction_type": "labels",
    "epoch_size": 18,
    "best_step": 3492,
    "metrics": {
        "train": {
            "rmse": 52459.903469221135,
            "mae": 35869.4375,
            "r2": 0.7568724291006668,
            "score": -52459.903469221135
        },
        "val": {
            "rmse": 64341.58045929553,
            "mae": 43194.4765625,
            "r2": 0.6268480902736373,
            "score": -64341.58045929553
        },
        "test": {
            "rmse": 65175.335703009616,
            "mae": 43562.5546875,
            "r2": 0.6283067984064692,
            "score": -65175.335703009616
        }
    },
    "time": "0:00:27.618027",
    "chunk_size": null,
    "eval_batch_size": 32768,
    "heads": [
        2,
        18,
        10,
        22,
        6
    ],
    "head_selection_time": "0:00:00.158386"
}