{
    "function": "bin.model.main",
    "gpus": [
        "NVIDIA GeForce RTX 2080 Ti",
        "NVIDIA GeForce RTX 2080 Ti",
        "NVIDIA GeForce RTX 2080 Ti"
    ],
    "n_parameters": 247616,
    "scores": {
        "train": -53224.31203876664,
        "val": -65117.67268568496,
        "test": -65692.37593511137
    },
    "time": "0:00:24.805566"
}