{
    "function": "bin.ensemble.main",
    "scores": {
        "train": -36826.94665594746,
        "val": -50068.336021881136,
        "test": -48820.41802360975
    }
}