{
    "function": "bin.model.main",
    "gpus": [
        "NVIDIA GeForce RTX 2080 Ti",
        "NVIDIA GeForce RTX 2080 Ti",
        "NVIDIA GeForce RTX 2080 Ti"
    ],
    "config": {
        "seed": 11,
        "batch_size": 256,
        "patience": 16,
        "n_epochs": -1,
        "gradient_clipping_norm": 1.0,
        "amp": true,
        "data": {
            "cache": true,
            "path": "/home/dxlab/data/dxlab/jupyter/seungtae/tabm/exp/tabm/korea/dataset",
            "num_policy": "noisy-quantile"
        },
        "optimizer": {
            "type": "AdamW",
            "lr": 0.00011184538628817076,
            "weight_decay": 0.0010913099057351175
        },
        "model": {
            "arch_type": "tabm",
            "k": 32,
            "share_training_batches": false,
            "backbone": {
                "type": "MLP",
                "n_blocks": 4,
                "d_block": 240,
                "dropout": 0.0
            }
        }
    },
    "n_parameters": 287840,
    "prediction_type": "labels",
    "epoch_size": 147,
    "best_step": 14994,
    "metrics": {
        "train": {
            "rmse": 473565.9057998158,
            "mae": 194071.09375,
            "r2": 0.8447883284226136,
            "score": -473565.9057998158
        },
        "val": {
            "rmse": 888573.7873784034,
            "mae": 246154.453125,
            "r2": 0.38024699510023763,
            "score": -888573.7873784034
        },
        "test": {
            "rmse": 828118.7303472854,
            "mae": 234400.28125,
            "r2": 0.31308221819085336,
            "score": -828118.7303472854
        }
    },
    "time": "0:48:33.962520",
    "chunk_size": null,
    "eval_batch_size": 32768
}