{
    "function": "bin.model.main",
    "gpus": [
        "NVIDIA GeForce RTX 2080 Ti",
        "NVIDIA GeForce RTX 2080 Ti",
        "NVIDIA GeForce RTX 2080 Ti"
    ],
    "config": {
        "seed": 7,
        "batch_size": 256,
        "patience": 16,
        "n_epochs": -1,
        "gradient_clipping_norm": 1.0,
        "amp": true,
        "data": {
            "cache": true,
            "path": "/home/dxlab/data/dxlab/jupyter/seungtae/tabm/SEUNGTAE/korea1.5/dataset",
            "num_policy": "noisy-quantile"
        },
        "optimizer": {
            "type": "AdamW",
            "lr": 0.0003008643713310103,
            "weight_decay": 0.0003585076100054745
        },
        "model": {
            "arch_type": "tabm-mini",
            "k": 32,
            "share_training_batches": false,
            "backbone": {
                "type": "MLP",
                "n_blocks": 5,
                "d_block": 320,
                "dropout": 0.0
            }
        }
    },
    "n_parameters": 451040,
    "prediction_type": "labels",
    "epoch_size": 129,
    "best_step": 7740,
    "metrics": {
        "train": {
            "rmse": 63053.651313781986,
            "mae": 42554.35546875,
            "r2": 0.5662464740925596,
            "score": -63053.651313781986
        },
        "val": {
            "rmse": 73533.00254987553,
            "mae": 49172.6875,
            "r2": 0.3968209317404199,
            "score": -73533.00254987553
        },
        "test": {
            "rmse": 73535.94081807889,
            "mae": 49129.53125,
            "r2": 0.39468241682746064,
            "score": -73535.94081807889
        }
    },
    "time": "0:00:53.310800",
    "chunk_size": null,
    "eval_batch_size": 32768
}