{
    "function": "bin.model.main",
    "gpus": [
        "NVIDIA GeForce RTX 2080 Ti",
        "NVIDIA GeForce RTX 2080 Ti",
        "NVIDIA GeForce RTX 2080 Ti"
    ],
    "n_parameters": 451040,
    "scores": {
        "train": -63053.651313781986,
        "val": -73533.00254987553,
        "test": -73535.94081807889
    },
    "time": "0:00:53.310800"
}