{
    "function": "bin.model.main",
    "gpus": [
        "NVIDIA GeForce RTX 2080 Ti",
        "NVIDIA GeForce RTX 2080 Ti",
        "NVIDIA GeForce RTX 2080 Ti"
    ],
    "config": {
        "seed": 7,
        "batch_size": 256,
        "patience": 16,
        "n_epochs": -1,
        "gradient_clipping_norm": 1.0,
        "amp": true,
        "data": {
            "cache": true,
            "path": "/home/dxlab/data/dxlab/jupyter/seungtae/tabm/exp/tabm/korea/dataset",
            "num_policy": "noisy-quantile"
        },
        "optimizer": {
            "type": "AdamW",
            "lr": 0.00011184538628817076,
            "weight_decay": 0.0010913099057351175
        },
        "model": {
            "arch_type": "tabm",
            "k": 32,
            "share_training_batches": false,
            "backbone": {
                "type": "MLP",
                "n_blocks": 4,
                "d_block": 240,
                "dropout": 0.0
            }
        }
    },
    "n_parameters": 287840,
    "prediction_type": "labels",
    "epoch_size": 147,
    "best_step": 14553,
    "metrics": {
        "train": {
            "rmse": 472643.6354633372,
            "mae": 191422.359375,
            "r2": 0.8453923076004536,
            "score": -472643.6354633372
        },
        "val": {
            "rmse": 896397.7722774638,
            "mae": 241853.625,
            "r2": 0.3692849531553266,
            "score": -896397.7722774638
        },
        "test": {
            "rmse": 828616.2427951795,
            "mae": 229094.296875,
            "r2": 0.3122566245946633,
            "score": -828616.2427951795
        }
    },
    "time": "0:47:20.860132",
    "chunk_size": null,
    "eval_batch_size": 32768
}