{
    "function": "bin.model.main",
    "gpus": [
        "NVIDIA GeForce RTX 2080 Ti",
        "NVIDIA GeForce RTX 2080 Ti",
        "NVIDIA GeForce RTX 2080 Ti"
    ],
    "n_parameters": 287840,
    "scores": {
        "train": -441362.5239732073,
        "val": -887405.4912248402,
        "test": -830247.8633661155
    },
    "time": "1:14:55.977506"
}