{
    "function": "bin.model.main",
    "gpus": [
        "NVIDIA GeForce RTX 2080 Ti",
        "NVIDIA GeForce RTX 2080 Ti",
        "NVIDIA GeForce RTX 2080 Ti"
    ],
    "config": {
        "seed": 10,
        "batch_size": 512,
        "patience": 16,
        "n_epochs": -1,
        "gradient_clipping_norm": 1.0,
        "amp": true,
        "data": {
            "cache": true,
            "path": "/home/dxlab/data/dxlab/jupyter/seungtae/tabm/SEUNGTAE/korea_undersample_tabm/dataset",
            "num_policy": "noisy-quantile",
            "cat_policy": "ordinal"
        },
        "optimizer": {
            "type": "AdamW",
            "lr": 0.0008349259297406521,
            "weight_decay": 0.0
        },
        "model": {
            "arch_type": "tabm",
            "k": 32,
            "share_training_batches": false,
            "backbone": {
                "type": "MLP",
                "n_blocks": 3,
                "d_block": 272,
                "dropout": 0.360863070008947
            }
        }
    },
    "n_parameters": 247616,
    "prediction_type": "labels",
    "epoch_size": 18,
    "best_step": 3096,
    "metrics": {
        "train": {
            "rmse": 55907.08405917804,
            "mae": 38816.3828125,
            "r2": 0.7238704484533592,
            "score": -55907.08405917804
        },
        "val": {
            "rmse": 65227.865456413645,
            "mae": 44426.71875,
            "r2": 0.6164971332231128,
            "score": -65227.865456413645
        },
        "test": {
            "rmse": 66552.89962127872,
            "mae": 45149.046875,
            "r2": 0.6124283378364956,
            "score": -66552.89962127872
        }
    },
    "time": "0:00:25.243605",
    "chunk_size": null,
    "eval_batch_size": 32768,
    "heads": [
        28
    ],
    "head_selection_time": "0:00:00.034910"
}