{
    "function": "bin.model.main",
    "gpus": [
        "NVIDIA GeForce RTX 2080 Ti",
        "NVIDIA GeForce RTX 2080 Ti",
        "NVIDIA GeForce RTX 2080 Ti"
    ],
    "config": {
        "seed": 13,
        "batch_size": 512,
        "patience": 16,
        "n_epochs": -1,
        "gradient_clipping_norm": 1.0,
        "amp": true,
        "data": {
            "cache": true,
            "path": "/home/dxlab/data/dxlab/jupyter/seungtae/tabm/SEUNGTAE/korea_undersample_tabm/dataset",
            "num_policy": "noisy-quantile",
            "cat_policy": "ordinal"
        },
        "optimizer": {
            "type": "AdamW",
            "lr": 0.0008349259297406521,
            "weight_decay": 0.0
        },
        "model": {
            "arch_type": "tabm",
            "k": 32,
            "share_training_batches": false,
            "backbone": {
                "type": "MLP",
                "n_blocks": 3,
                "d_block": 272,
                "dropout": 0.360863070008947
            }
        }
    },
    "n_parameters": 247616,
    "prediction_type": "labels",
    "epoch_size": 18,
    "best_step": 3654,
    "metrics": {
        "train": {
            "rmse": 53700.331172163176,
            "mae": 36384.50390625,
            "r2": 0.7452388803959749,
            "score": -53700.331172163176
        },
        "val": {
            "rmse": 65031.822364131855,
            "mae": 43486.4375,
            "r2": 0.6187989380713759,
            "score": -65031.822364131855
        },
        "test": {
            "rmse": 65326.59513551889,
            "mae": 43357.5703125,
            "r2": 0.6265795197905754,
            "score": -65326.59513551889
        }
    },
    "time": "0:00:29.257754",
    "chunk_size": null,
    "eval_batch_size": 32768
}