{
    "function": "bin.model.main",
    "gpus": [
        "NVIDIA GeForce RTX 2080 Ti",
        "NVIDIA GeForce RTX 2080 Ti",
        "NVIDIA GeForce RTX 2080 Ti"
    ],
    "n_parameters": 247616,
    "scores": {
        "train": -53700.331172163176,
        "val": -65031.822364131855,
        "test": -65326.59513551889
    },
    "time": "0:00:29.257754"
}