{
    "function": "bin.ensemble.main",
    "scores": {
        "train": -36764.30442698461,
        "val": -50218.98159062965,
        "test": -48866.75827185593
    }
}