{
    "function": "bin.ensemble.main",
    "scores": {
        "train": -50448.86520031942,
        "val": -64943.083511641176,
        "test": -65227.29244725708
    }
}