{
    "function": "bin.model.main",
    "gpus": [
        "NVIDIA GeForce RTX 2080 Ti",
        "NVIDIA GeForce RTX 2080 Ti",
        "NVIDIA GeForce RTX 2080 Ti"
    ],
    "config": {
        "seed": 6,
        "batch_size": 256,
        "patience": 16,
        "n_epochs": -1,
        "gradient_clipping_norm": 1.0,
        "amp": true,
        "data": {
            "cache": true,
            "path": "/home/dxlab/data/dxlab/jupyter/seungtae/tabm/exp/tabm/korea/dataset",
            "num_policy": "noisy-quantile"
        },
        "optimizer": {
            "type": "AdamW",
            "lr": 0.00011184538628817076,
            "weight_decay": 0.0010913099057351175
        },
        "model": {
            "arch_type": "tabm",
            "k": 32,
            "share_training_batches": false,
            "backbone": {
                "type": "MLP",
                "n_blocks": 4,
                "d_block": 240,
                "dropout": 0.0
            }
        }
    },
    "n_parameters": 287840,
    "prediction_type": "labels",
    "epoch_size": 147,
    "best_step": 18081,
    "metrics": {
        "train": {
            "rmse": 451999.3917164048,
            "mae": 195726.984375,
            "r2": 0.8586033168253379,
            "score": -451999.3917164048
        },
        "val": {
            "rmse": 900739.8834646993,
            "mae": 253500.140625,
            "r2": 0.3631598328599065,
            "score": -900739.8834646993
        },
        "test": {
            "rmse": 840093.2056480399,
            "mae": 239411.171875,
            "r2": 0.29307318403067306,
            "score": -840093.2056480399
        }
    },
    "time": "0:57:11.335508",
    "chunk_size": null,
    "eval_batch_size": 32768
}