{
    "function": "bin.model.main",
    "gpus": [
        "NVIDIA A100 80GB PCIe MIG 2g.20gb"
    ],
    "config": {
        "seed": 12,
        "batch_size": 512,
        "patience": 16,
        "n_epochs": -1,
        "gradient_clipping_norm": 1.0,
        "amp": true,
        "data": {
            "cache": true,
            "path": "/home/elicer/tabm/SEUNGTAE/korea_base/dataset",
            "num_policy": "noisy-quantile",
            "cat_policy": "ordinal"
        },
        "optimizer": {
            "type": "AdamW",
            "lr": 0.0011563746902507038,
            "weight_decay": 0.0015827100831528388
        },
        "model": {
            "arch_type": "tabm",
            "k": 32,
            "share_training_batches": false,
            "backbone": {
                "type": "MLP",
                "n_blocks": 4,
                "d_block": 256,
                "dropout": 0.08464895567510722
            }
        }
    },
    "n_parameters": 315104,
    "prediction_type": "labels",
    "epoch_size": 63,
    "best_step": 12348,
    "metrics": {
        "train": {
            "rmse": 41018.409915548895,
            "mae": 25875.328125,
            "r2": 0.8112466973314076,
            "score": -41018.409915548895
        },
        "val": {
            "rmse": 52142.222737432276,
            "mae": 32025.2890625,
            "r2": 0.6966391697891154,
            "score": -52142.222737432276
        },
        "test": {
            "rmse": 51062.101797712945,
            "mae": 31055.02734375,
            "r2": 0.6983794008949227,
            "score": -51062.101797712945
        }
    },
    "time": "0:01:59.732847",
    "chunk_size": null,
    "eval_batch_size": 32768,
    "heads": [
        1
    ],
    "head_selection_time": "0:00:00.030644"
}