{
    "function": "bin.model.main",
    "gpus": [
        "NVIDIA GeForce RTX 2080 Ti",
        "NVIDIA GeForce RTX 2080 Ti",
        "NVIDIA GeForce RTX 2080 Ti"
    ],
    "config": {
        "seed": 8,
        "batch_size": 512,
        "patience": 16,
        "n_epochs": -1,
        "gradient_clipping_norm": 1.0,
        "amp": true,
        "data": {
            "cache": true,
            "path": "/home/dxlab/data/dxlab/jupyter/seungtae/tabm/SEUNGTAE/korea_undersample_tabm/dataset",
            "num_policy": "noisy-quantile",
            "cat_policy": "ordinal"
        },
        "optimizer": {
            "type": "AdamW",
            "lr": 0.0008349259297406521,
            "weight_decay": 0.0
        },
        "model": {
            "arch_type": "tabm",
            "k": 32,
            "share_training_batches": false,
            "backbone": {
                "type": "MLP",
                "n_blocks": 3,
                "d_block": 272,
                "dropout": 0.360863070008947
            }
        }
    },
    "n_parameters": 247616,
    "prediction_type": "labels",
    "epoch_size": 18,
    "best_step": 3096,
    "metrics": {
        "train": {
            "rmse": 53812.985793393775,
            "mae": 36595.203125,
            "r2": 0.744168856657841,
            "score": -53812.985793393775
        },
        "val": {
            "rmse": 64882.86849392527,
            "mae": 43439.9296875,
            "r2": 0.6205431992403156,
            "score": -64882.86849392527
        },
        "test": {
            "rmse": 65520.48253790566,
            "mae": 43549.0234375,
            "r2": 0.6243596855433357,
            "score": -65520.48253790566
        }
    },
    "time": "0:00:24.823494",
    "chunk_size": null,
    "eval_batch_size": 32768
}