{
    "function": "bin.model.main",
    "gpus": [
        "NVIDIA GeForce RTX 2080 Ti",
        "NVIDIA GeForce RTX 2080 Ti",
        "NVIDIA GeForce RTX 2080 Ti"
    ],
    "n_parameters": 247616,
    "scores": {
        "train": -53812.985793393775,
        "val": -64882.86849392527,
        "test": -65520.48253790566
    },
    "time": "0:00:24.823494"
}