{
    "function": "bin.model.main",
    "gpus": [
        "NVIDIA GeForce RTX 2080 Ti",
        "NVIDIA GeForce RTX 2080 Ti",
        "NVIDIA GeForce RTX 2080 Ti"
    ],
    "config": {
        "seed": 5,
        "batch_size": 512,
        "patience": 16,
        "n_epochs": -1,
        "gradient_clipping_norm": 1.0,
        "amp": true,
        "data": {
            "cache": true,
            "path": "/home/dxlab/data/dxlab/jupyter/seungtae/tabm/SEUNGTAE/korea_undersample_tabm/dataset",
            "num_policy": "noisy-quantile",
            "cat_policy": "ordinal"
        },
        "optimizer": {
            "type": "AdamW",
            "lr": 0.0008349259297406521,
            "weight_decay": 0.0
        },
        "model": {
            "arch_type": "tabm",
            "k": 32,
            "share_training_batches": false,
            "backbone": {
                "type": "MLP",
                "n_blocks": 3,
                "d_block": 272,
                "dropout": 0.360863070008947
            }
        }
    },
    "n_parameters": 247616,
    "prediction_type": "labels",
    "epoch_size": 18,
    "best_step": 2268,
    "metrics": {
        "train": {
            "rmse": 56045.021902038716,
            "mae": 38138.4453125,
            "r2": 0.7225061622362634,
            "score": -56045.021902038716
        },
        "val": {
            "rmse": 64634.65126385382,
            "mae": 43389.71875,
            "r2": 0.6234409867217723,
            "score": -64634.65126385382
        },
        "test": {
            "rmse": 66302.71427324828,
            "mae": 44163.01171875,
            "r2": 0.6153367852469647,
            "score": -66302.71427324828
        }
    },
    "time": "0:00:19.312418",
    "chunk_size": null,
    "eval_batch_size": 32768,
    "heads": [
        17,
        20,
        12
    ],
    "head_selection_time": "0:00:00.107570"
}