{
    "function": "bin.model.main",
    "gpus": [
        "NVIDIA GeForce RTX 2080 Ti",
        "NVIDIA GeForce RTX 2080 Ti",
        "NVIDIA GeForce RTX 2080 Ti"
    ],
    "config": {
        "seed": 10,
        "batch_size": 256,
        "patience": 16,
        "n_epochs": -1,
        "gradient_clipping_norm": 1.0,
        "amp": true,
        "data": {
            "cache": true,
            "path": "/home/dxlab/data/dxlab/jupyter/seungtae/tabm/SEUNGTAE/korea1.5/dataset",
            "num_policy": "noisy-quantile"
        },
        "optimizer": {
            "type": "AdamW",
            "lr": 0.0003008643713310103,
            "weight_decay": 0.0003585076100054745
        },
        "model": {
            "arch_type": "tabm-mini",
            "k": 32,
            "share_training_batches": false,
            "backbone": {
                "type": "MLP",
                "n_blocks": 5,
                "d_block": 320,
                "dropout": 0.0
            }
        }
    },
    "n_parameters": 451040,
    "prediction_type": "labels",
    "epoch_size": 129,
    "best_step": 7095,
    "metrics": {
        "train": {
            "rmse": 66931.5475990209,
            "mae": 44796.33203125,
            "r2": 0.5112528093781695,
            "score": -66931.5475990209
        },
        "val": {
            "rmse": 73333.81430145305,
            "mae": 48854.9609375,
            "r2": 0.40008440372121,
            "score": -73333.81430145305
        },
        "test": {
            "rmse": 73407.72798554659,
            "mae": 48904.3125,
            "r2": 0.3967913271691239,
            "score": -73407.72798554659
        }
    },
    "time": "0:00:50.047175",
    "chunk_size": null,
    "eval_batch_size": 32768,
    "heads": [
        22,
        9,
        29,
        15,
        1,
        23,
        18,
        21,
        3,
        19,
        30,
        16,
        1
    ],
    "head_selection_time": "0:00:00.410512"
}