{
    "function": "bin.model.main",
    "gpus": [
        "NVIDIA A100 80GB PCIe MIG 2g.20gb"
    ],
    "config": {
        "seed": 7,
        "batch_size": 512,
        "patience": 16,
        "n_epochs": -1,
        "gradient_clipping_norm": 1.0,
        "amp": true,
        "data": {
            "cache": true,
            "path": "/home/elicer/tabm/SEUNGTAE/korea_base/dataset",
            "num_policy": "noisy-quantile",
            "cat_policy": "ordinal"
        },
        "optimizer": {
            "type": "AdamW",
            "lr": 0.0011563746902507038,
            "weight_decay": 0.0015827100831528388
        },
        "model": {
            "arch_type": "tabm",
            "k": 32,
            "share_training_batches": false,
            "backbone": {
                "type": "MLP",
                "n_blocks": 4,
                "d_block": 256,
                "dropout": 0.08464895567510722
            }
        }
    },
    "n_parameters": 315104,
    "prediction_type": "labels",
    "epoch_size": 63,
    "best_step": 16380,
    "metrics": {
        "train": {
            "rmse": 40368.261592493676,
            "mae": 25760.400390625,
            "r2": 0.8171828244624515,
            "score": -40368.261592493676
        },
        "val": {
            "rmse": 51869.8284554711,
            "mae": 32003.603515625,
            "r2": 0.6998004568474031,
            "score": -51869.8284554711
        },
        "test": {
            "rmse": 51016.55135345783,
            "mae": 31210.33203125,
            "r2": 0.6989172358996429,
            "score": -51016.55135345783
        }
    },
    "time": "0:02:35.485085",
    "chunk_size": null,
    "eval_batch_size": 32768,
    "heads": [
        13
    ],
    "head_selection_time": "0:00:00.030735"
}