{
    "function": "bin.model.main",
    "gpus": [
        "NVIDIA GeForce RTX 2080 Ti",
        "NVIDIA GeForce RTX 2080 Ti",
        "NVIDIA GeForce RTX 2080 Ti"
    ],
    "config": {
        "seed": 14,
        "batch_size": 256,
        "patience": 16,
        "n_epochs": -1,
        "gradient_clipping_norm": 1.0,
        "amp": true,
        "data": {
            "cache": true,
            "path": "/home/dxlab/data/dxlab/jupyter/seungtae/tabm/SEUNGTAE/korea1.5/dataset",
            "num_policy": "noisy-quantile"
        },
        "optimizer": {
            "type": "AdamW",
            "lr": 0.0003008643713310103,
            "weight_decay": 0.0003585076100054745
        },
        "model": {
            "arch_type": "tabm-mini",
            "k": 32,
            "share_training_batches": false,
            "backbone": {
                "type": "MLP",
                "n_blocks": 5,
                "d_block": 320,
                "dropout": 0.0
            }
        }
    },
    "n_parameters": 451040,
    "prediction_type": "labels",
    "epoch_size": 129,
    "best_step": 7869,
    "metrics": {
        "train": {
            "rmse": 66996.2205501176,
            "mae": 45136.5703125,
            "r2": 0.5103077913302496,
            "score": -66996.2205501176
        },
        "val": {
            "rmse": 73308.09592398374,
            "mae": 49127.0,
            "r2": 0.40050512176379194,
            "score": -73308.09592398374
        },
        "test": {
            "rmse": 73321.40315078538,
            "mae": 49255.84375,
            "r2": 0.39820915607945595,
            "score": -73321.40315078538
        }
    },
    "time": "0:00:54.048488",
    "chunk_size": null,
    "eval_batch_size": 32768,
    "heads": [
        28,
        6,
        21,
        31,
        4,
        30,
        10,
        11,
        7
    ],
    "head_selection_time": "0:00:00.277570"
}