{
    "function": "bin.model.main",
    "gpus": [
        "NVIDIA A100 80GB PCIe MIG 2g.20gb"
    ],
    "config": {
        "seed": 1,
        "batch_size": 512,
        "patience": 16,
        "n_epochs": -1,
        "gradient_clipping_norm": 1.0,
        "amp": true,
        "data": {
            "cache": true,
            "path": "/home/elicer/tabm/SEUNGTAE/korea_base/dataset",
            "num_policy": "noisy-quantile",
            "cat_policy": "ordinal"
        },
        "optimizer": {
            "type": "AdamW",
            "lr": 0.0011563746902507038,
            "weight_decay": 0.0015827100831528388
        },
        "model": {
            "arch_type": "tabm",
            "k": 32,
            "share_training_batches": false,
            "backbone": {
                "type": "MLP",
                "n_blocks": 4,
                "d_block": 256,
                "dropout": 0.08464895567510722
            }
        }
    },
    "n_parameters": 315104,
    "prediction_type": "labels",
    "epoch_size": 63,
    "best_step": 15939,
    "metrics": {
        "train": {
            "rmse": 36036.49527909172,
            "mae": 23043.68359375,
            "r2": 0.854312607914813,
            "score": -36036.49527909172
        },
        "val": {
            "rmse": 49756.43459895413,
            "mae": 30559.927734375,
            "r2": 0.723764831752133,
            "score": -49756.43459895413
        },
        "test": {
            "rmse": 49009.71593470013,
            "mae": 29718.369140625,
            "r2": 0.7221387378416592,
            "score": -49009.71593470013
        }
    },
    "time": "0:02:33.642420",
    "chunk_size": null,
    "eval_batch_size": 32768,
    "heads": [
        23,
        10,
        18,
        11,
        17,
        24,
        29,
        30,
        10,
        6
    ],
    "head_selection_time": "0:00:00.320973"
}