{
    "function": "bin.model.main",
    "gpus": [
        "NVIDIA GeForce RTX 2080 Ti",
        "NVIDIA GeForce RTX 2080 Ti",
        "NVIDIA GeForce RTX 2080 Ti"
    ],
    "config": {
        "seed": 0,
        "batch_size": 512,
        "patience": 16,
        "n_epochs": -1,
        "gradient_clipping_norm": 1.0,
        "amp": true,
        "data": {
            "cache": true,
            "path": "/home/dxlab/data/dxlab/jupyter/seungtae/tabm/SEUNGTAE/korea_undersample_tabm/dataset",
            "num_policy": "noisy-quantile",
            "cat_policy": "ordinal"
        },
        "optimizer": {
            "type": "AdamW",
            "lr": 0.0008349259297406521,
            "weight_decay": 0.0
        },
        "model": {
            "arch_type": "tabm",
            "k": 32,
            "share_training_batches": false,
            "backbone": {
                "type": "MLP",
                "n_blocks": 3,
                "d_block": 272,
                "dropout": 0.360863070008947
            }
        }
    },
    "n_parameters": 247616,
    "prediction_type": "labels",
    "epoch_size": 18,
    "best_step": 3654,
    "metrics": {
        "train": {
            "rmse": 52485.33875283649,
            "mae": 35844.56640625,
            "r2": 0.7566366249819291,
            "score": -52485.33875283649
        },
        "val": {
            "rmse": 63974.33285310602,
            "mae": 43128.796875,
            "r2": 0.6310956557007644,
            "score": -63974.33285310602
        },
        "test": {
            "rmse": 65296.0901739147,
            "mae": 43448.46484375,
            "r2": 0.6269281990885027,
            "score": -65296.0901739147
        }
    },
    "time": "0:00:28.553482",
    "chunk_size": null,
    "eval_batch_size": 32768,
    "heads": [
        24,
        6,
        3,
        5
    ],
    "head_selection_time": "0:00:00.131347"
}