{
    "function": "bin.model.main",
    "gpus": [
        "NVIDIA GeForce RTX 2080 Ti",
        "NVIDIA GeForce RTX 2080 Ti",
        "NVIDIA GeForce RTX 2080 Ti"
    ],
    "config": {
        "seed": 9,
        "batch_size": 512,
        "patience": 16,
        "n_epochs": -1,
        "gradient_clipping_norm": 1.0,
        "amp": true,
        "data": {
            "cache": true,
            "path": "/home/dxlab/data/dxlab/jupyter/seungtae/tabm/SEUNGTAE/korea_undersample_tabm/dataset",
            "num_policy": "noisy-quantile",
            "cat_policy": "ordinal"
        },
        "optimizer": {
            "type": "AdamW",
            "lr": 0.0008349259297406521,
            "weight_decay": 0.0
        },
        "model": {
            "arch_type": "tabm",
            "k": 32,
            "share_training_batches": false,
            "backbone": {
                "type": "MLP",
                "n_blocks": 3,
                "d_block": 272,
                "dropout": 0.360863070008947
            }
        }
    },
    "n_parameters": 247616,
    "prediction_type": "labels",
    "epoch_size": 18,
    "best_step": 3654,
    "metrics": {
        "train": {
            "rmse": 56168.54407940444,
            "mae": 38235.90234375,
            "r2": 0.721281642097969,
            "score": -56168.54407940444
        },
        "val": {
            "rmse": 65241.109984426235,
            "mae": 43976.28125,
            "r2": 0.6163414260335451,
            "score": -65241.109984426235
        },
        "test": {
            "rmse": 66836.51792246511,
            "mae": 44302.1171875,
            "r2": 0.6091179539077165,
            "score": -66836.51792246511
        }
    },
    "time": "0:00:29.877456",
    "chunk_size": null,
    "eval_batch_size": 32768,
    "heads": [
        5
    ],
    "head_selection_time": "0:00:00.023904"
}