{
    "function": "bin.model.main",
    "gpus": [
        "NVIDIA GeForce RTX 2080 Ti",
        "NVIDIA GeForce RTX 2080 Ti",
        "NVIDIA GeForce RTX 2080 Ti"
    ],
    "config": {
        "seed": 2,
        "batch_size": 512,
        "patience": 16,
        "n_epochs": -1,
        "gradient_clipping_norm": 1.0,
        "amp": true,
        "data": {
            "cache": true,
            "path": "/home/dxlab/data/dxlab/jupyter/seungtae/tabm/SEUNGTAE/korea_undersample_tabm/dataset",
            "num_policy": "noisy-quantile",
            "cat_policy": "ordinal"
        },
        "optimizer": {
            "type": "AdamW",
            "lr": 0.0008349259297406521,
            "weight_decay": 0.0
        },
        "model": {
            "arch_type": "tabm",
            "k": 32,
            "share_training_batches": false,
            "backbone": {
                "type": "MLP",
                "n_blocks": 3,
                "d_block": 272,
                "dropout": 0.360863070008947
            }
        }
    },
    "n_parameters": 247616,
    "prediction_type": "labels",
    "epoch_size": 18,
    "best_step": 3636,
    "metrics": {
        "train": {
            "rmse": 54070.56485741572,
            "mae": 37023.578125,
            "r2": 0.7417138893318151,
            "score": -54070.56485741572
        },
        "val": {
            "rmse": 65551.09591761224,
            "mae": 44553.8515625,
            "r2": 0.6126869443174414,
            "score": -65551.09591761224
        },
        "test": {
            "rmse": 66395.16898088294,
            "mae": 44547.42578125,
            "r2": 0.6142632523269331,
            "score": -66395.16898088294
        }
    },
    "time": "0:00:29.054363",
    "chunk_size": null,
    "eval_batch_size": 32768,
    "heads": [
        21
    ],
    "head_selection_time": "0:00:00.027568"
}