{
    "function": "bin.model.main",
    "gpus": [
        "NVIDIA GeForce RTX 2080 Ti",
        "NVIDIA GeForce RTX 2080 Ti",
        "NVIDIA GeForce RTX 2080 Ti"
    ],
    "config": {
        "seed": 0,
        "batch_size": 512,
        "patience": 16,
        "n_epochs": -1,
        "gradient_clipping_norm": 1.0,
        "amp": true,
        "data": {
            "cache": true,
            "path": "SEUNGTAE/korea_base_mini/dataset",
            "num_policy": "noisy-quantile",
            "cat_policy": "ordinal"
        },
        "optimizer": {
            "type": "AdamW",
            "lr": 0.001585036863603441,
            "weight_decay": 0.0
        },
        "model": {
            "arch_type": "tabm-mini",
            "k": 32,
            "share_training_batches": false,
            "backbone": {
                "type": "MLP",
                "n_blocks": 4,
                "d_block": 288,
                "dropout": 0.19829332106574343
            }
        }
    },
    "n_parameters": 281632,
    "prediction_type": "labels",
    "epoch_size": 18,
    "best_step": 1422,
    "metrics": {
        "train": {
            "rmse": 54014.56396195381,
            "mae": 36507.66796875,
            "r2": 0.7422486361137841,
            "score": -54014.56396195381
        },
        "val": {
            "rmse": 66049.62013516808,
            "mae": 43647.84765625,
            "r2": 0.6067734350992322,
            "score": -66049.62013516808
        },
        "test": {
            "rmse": 67272.52847931316,
            "mae": 44076.91015625,
            "r2": 0.6040014775903604,
            "score": -67272.52847931316
        }
    },
    "time": "0:00:12.994872",
    "chunk_size": null,
    "eval_batch_size": 32768,
    "heads": [
        14
    ],
    "head_selection_time": "0:00:00.028138"
}