{
    "function": "bin.model.main",
    "gpus": [
        "NVIDIA A100 80GB PCIe MIG 2g.20gb"
    ],
    "config": {
        "seed": 8,
        "batch_size": 512,
        "patience": 16,
        "n_epochs": -1,
        "gradient_clipping_norm": 1.0,
        "amp": true,
        "data": {
            "cache": true,
            "path": "/home/elicer/tabm/SEUNGTAE/korea_base/dataset",
            "num_policy": "noisy-quantile",
            "cat_policy": "ordinal"
        },
        "optimizer": {
            "type": "AdamW",
            "lr": 0.0011563746902507038,
            "weight_decay": 0.0015827100831528388
        },
        "model": {
            "arch_type": "tabm",
            "k": 32,
            "share_training_batches": false,
            "backbone": {
                "type": "MLP",
                "n_blocks": 4,
                "d_block": 256,
                "dropout": 0.08464895567510722
            }
        }
    },
    "n_parameters": 315104,
    "prediction_type": "labels",
    "epoch_size": 63,
    "best_step": 10269,
    "metrics": {
        "train": {
            "rmse": 37586.756816730005,
            "mae": 23701.720703125,
            "r2": 0.8415082572520234,
            "score": -37586.756816730005
        },
        "val": {
            "rmse": 50388.10018248356,
            "mae": 30724.5546875,
            "r2": 0.7167066279113194,
            "score": -50388.10018248356
        },
        "test": {
            "rmse": 49041.440761869955,
            "mae": 29613.771484375,
            "r2": 0.7217788879286933,
            "score": -49041.440761869955
        }
    },
    "time": "0:01:40.830401",
    "chunk_size": null,
    "eval_batch_size": 32768
}