{
    "function": "bin.model.main",
    "gpus": [
        "NVIDIA GeForce RTX 2080 Ti",
        "NVIDIA GeForce RTX 2080 Ti",
        "NVIDIA GeForce RTX 2080 Ti"
    ],
    "n_parameters": 451040,
    "scores": {
        "train": -64833.393864581856,
        "val": -73505.32693621599,
        "test": -73457.3434858626
    },
    "time": "0:00:54.040746"
}