{
    "function": "bin.model.main",
    "gpus": [
        "NVIDIA GeForce RTX 2080 Ti",
        "NVIDIA GeForce RTX 2080 Ti",
        "NVIDIA GeForce RTX 2080 Ti"
    ],
    "n_parameters": 281632,
    "scores": {
        "train": -50101.27599173498,
        "val": -65164.743350986966,
        "test": -65191.41833094292
    },
    "time": "0:00:12.757700"
}