{
    "function": "bin.model.main",
    "gpus": [
        "NVIDIA GeForce RTX 2080 Ti",
        "NVIDIA GeForce RTX 2080 Ti",
        "NVIDIA GeForce RTX 2080 Ti"
    ],
    "config": {
        "seed": 0,
        "batch_size": 256,
        "patience": 16,
        "n_epochs": -1,
        "gradient_clipping_norm": 1.0,
        "amp": true,
        "data": {
            "cache": true,
            "path": "/home/dxlab/data/dxlab/jupyter/seungtae/tabm/SEUNGTAE/korea1.5/dataset",
            "num_policy": "noisy-quantile"
        },
        "optimizer": {
            "type": "AdamW",
            "lr": 0.0003008643713310103,
            "weight_decay": 0.0003585076100054745
        },
        "model": {
            "arch_type": "tabm-mini",
            "k": 32,
            "share_training_batches": false,
            "backbone": {
                "type": "MLP",
                "n_blocks": 5,
                "d_block": 320,
                "dropout": 0.0
            }
        }
    },
    "n_parameters": 451040,
    "prediction_type": "labels",
    "epoch_size": 129,
    "best_step": 12384,
    "metrics": {
        "train": {
            "rmse": 62689.37619724733,
            "mae": 41974.1953125,
            "r2": 0.5712437415842284,
            "score": -62689.37619724733
        },
        "val": {
            "rmse": 72424.18689912921,
            "mae": 47990.65234375,
            "r2": 0.4148746998882997,
            "score": -72424.18689912921
        },
        "test": {
            "rmse": 73101.02160708836,
            "mae": 48396.01953125,
            "r2": 0.4018212955452344,
            "score": -73101.02160708836
        }
    },
    "time": "0:01:18.716596",
    "chunk_size": null,
    "eval_batch_size": 32768,
    "heads": [
        19,
        20,
        14,
        24,
        12,
        13,
        31,
        18,
        14,
        22,
        3,
        20,
        9
    ],
    "head_selection_time": "0:00:00.396894"
}