{
    "function": "bin.model.main",
    "gpus": [
        "NVIDIA GeForce RTX 2080 Ti",
        "NVIDIA GeForce RTX 2080 Ti",
        "NVIDIA GeForce RTX 2080 Ti"
    ],
    "config": {
        "seed": 2,
        "batch_size": 256,
        "patience": 16,
        "n_epochs": -1,
        "gradient_clipping_norm": 1.0,
        "amp": true,
        "data": {
            "cache": true,
            "path": "/home/dxlab/data/dxlab/jupyter/seungtae/tabm/SEUNGTAE/korea1.5/dataset",
            "num_policy": "noisy-quantile"
        },
        "optimizer": {
            "type": "AdamW",
            "lr": 0.0003008643713310103,
            "weight_decay": 0.0003585076100054745
        },
        "model": {
            "arch_type": "tabm-mini",
            "k": 32,
            "share_training_batches": false,
            "backbone": {
                "type": "MLP",
                "n_blocks": 5,
                "d_block": 320,
                "dropout": 0.0
            }
        }
    },
    "n_parameters": 451040,
    "prediction_type": "labels",
    "epoch_size": 129,
    "best_step": 8514,
    "metrics": {
        "train": {
            "rmse": 65989.90080307744,
            "mae": 44100.8515625,
            "r2": 0.52490824333225,
            "score": -65989.90080307744
        },
        "val": {
            "rmse": 72805.69648042659,
            "mae": 48394.81640625,
            "r2": 0.40869394366361855,
            "score": -72805.69648042659
        },
        "test": {
            "rmse": 73426.77353663309,
            "mae": 48731.05078125,
            "r2": 0.3964782433996038,
            "score": -73426.77353663309
        }
    },
    "time": "0:00:57.697465",
    "chunk_size": null,
    "eval_batch_size": 32768,
    "heads": [
        10,
        24,
        19,
        13,
        8,
        17,
        15,
        6,
        16
    ],
    "head_selection_time": "0:00:00.286780"
}