{
    "function": "bin.model.main",
    "gpus": [
        "NVIDIA GeForce RTX 2080 Ti",
        "NVIDIA GeForce RTX 2080 Ti",
        "NVIDIA GeForce RTX 2080 Ti"
    ],
    "config": {
        "seed": 6,
        "batch_size": 512,
        "patience": 16,
        "n_epochs": -1,
        "gradient_clipping_norm": 1.0,
        "amp": true,
        "data": {
            "cache": true,
            "path": "/home/dxlab/data/dxlab/jupyter/seungtae/tabm/SEUNGTAE/korea_undersample/dataset",
            "num_policy": "noisy-quantile",
            "cat_policy": "ordinal"
        },
        "optimizer": {
            "type": "AdamW",
            "lr": 0.001585036863603441,
            "weight_decay": 0.0
        },
        "model": {
            "arch_type": "tabm-mini",
            "k": 32,
            "share_training_batches": false,
            "backbone": {
                "type": "MLP",
                "n_blocks": 4,
                "d_block": 288,
                "dropout": 0.19829332106574343
            }
        }
    },
    "n_parameters": 281632,
    "prediction_type": "labels",
    "epoch_size": 18,
    "best_step": 1206,
    "metrics": {
        "train": {
            "rmse": 55705.706709456615,
            "mae": 37911.85546875,
            "r2": 0.725856112815104,
            "score": -55705.706709456615
        },
        "val": {
            "rmse": 65790.67702950016,
            "mae": 44328.6328125,
            "r2": 0.6098505744705653,
            "score": -65790.67702950016
        },
        "test": {
            "rmse": 66881.247835249,
            "mae": 44590.58984375,
            "r2": 0.6085946005033285,
            "score": -66881.247835249
        }
    },
    "time": "0:00:11.831166",
    "chunk_size": null,
    "eval_batch_size": 32768,
    "heads": [
        13
    ],
    "head_selection_time": "0:00:00.023656"
}