{
    "function": "bin.model.main",
    "gpus": [
        "NVIDIA A100 80GB PCIe MIG 2g.20gb"
    ],
    "config": {
        "seed": 9,
        "batch_size": 512,
        "patience": 16,
        "n_epochs": -1,
        "gradient_clipping_norm": 1.0,
        "amp": true,
        "data": {
            "cache": true,
            "path": "/home/elicer/tabm/SEUNGTAE/korea_base/dataset",
            "num_policy": "noisy-quantile",
            "cat_policy": "ordinal"
        },
        "optimizer": {
            "type": "AdamW",
            "lr": 0.0011563746902507038,
            "weight_decay": 0.0015827100831528388
        },
        "model": {
            "arch_type": "tabm",
            "k": 32,
            "share_training_batches": false,
            "backbone": {
                "type": "MLP",
                "n_blocks": 4,
                "d_block": 256,
                "dropout": 0.08464895567510722
            }
        }
    },
    "n_parameters": 315104,
    "prediction_type": "labels",
    "epoch_size": 63,
    "best_step": 10836,
    "metrics": {
        "train": {
            "rmse": 38492.61996798866,
            "mae": 24274.193359375,
            "r2": 0.833776713442927,
            "score": -38492.61996798866
        },
        "val": {
            "rmse": 50380.2069070781,
            "mae": 30859.900390625,
            "r2": 0.7167953701387022,
            "score": -50380.2069070781
        },
        "test": {
            "rmse": 49092.13541902613,
            "mae": 29629.37109375,
            "r2": 0.7212034085994233,
            "score": -49092.13541902613
        }
    },
    "time": "0:01:49.021129",
    "chunk_size": null,
    "eval_batch_size": 32768
}