{
    "function": "bin.model.main",
    "gpus": [
        "NVIDIA GeForce RTX 2080 Ti",
        "NVIDIA GeForce RTX 2080 Ti",
        "NVIDIA GeForce RTX 2080 Ti"
    ],
    "config": {
        "seed": 4,
        "batch_size": 512,
        "patience": 16,
        "n_epochs": -1,
        "gradient_clipping_norm": 1.0,
        "amp": true,
        "data": {
            "cache": true,
            "path": "/home/dxlab/data/dxlab/jupyter/seungtae/tabm/SEUNGTAE/korea_undersample/dataset",
            "num_policy": "noisy-quantile",
            "cat_policy": "ordinal"
        },
        "optimizer": {
            "type": "AdamW",
            "lr": 0.001585036863603441,
            "weight_decay": 0.0
        },
        "model": {
            "arch_type": "tabm-mini",
            "k": 32,
            "share_training_batches": false,
            "backbone": {
                "type": "MLP",
                "n_blocks": 4,
                "d_block": 288,
                "dropout": 0.19829332106574343
            }
        }
    },
    "n_parameters": 281632,
    "prediction_type": "labels",
    "epoch_size": 18,
    "best_step": 1044,
    "metrics": {
        "train": {
            "rmse": 52419.29904147898,
            "mae": 35747.01953125,
            "r2": 0.7572486458438663,
            "score": -52419.29904147898
        },
        "val": {
            "rmse": 65339.38475376089,
            "mae": 43890.59765625,
            "r2": 0.6151847022158099,
            "score": -65339.38475376089
        },
        "test": {
            "rmse": 65438.42540892927,
            "mae": 43671.7109375,
            "r2": 0.6252999892383255,
            "score": -65438.42540892927
        }
    },
    "time": "0:00:10.670119",
    "chunk_size": null,
    "eval_batch_size": 32768
}