{
    "function": "bin.model.main",
    "gpus": [
        "NVIDIA GeForce RTX 2080 Ti",
        "NVIDIA GeForce RTX 2080 Ti",
        "NVIDIA GeForce RTX 2080 Ti"
    ],
    "n_parameters": 281632,
    "scores": {
        "train": -52419.29904147898,
        "val": -65339.38475376089,
        "test": -65438.42540892927
    },
    "time": "0:00:10.670119"
}