{
    "function": "bin.model.main",
    "gpus": [
        "NVIDIA GeForce RTX 2080 Ti",
        "NVIDIA GeForce RTX 2080 Ti",
        "NVIDIA GeForce RTX 2080 Ti"
    ],
    "config": {
        "seed": 14,
        "batch_size": 512,
        "patience": 16,
        "n_epochs": -1,
        "gradient_clipping_norm": 1.0,
        "amp": true,
        "data": {
            "cache": true,
            "path": "/home/dxlab/data/dxlab/jupyter/seungtae/tabm/SEUNGTAE/korea_undersample_tabm/dataset",
            "num_policy": "noisy-quantile",
            "cat_policy": "ordinal"
        },
        "optimizer": {
            "type": "AdamW",
            "lr": 0.0008349259297406521,
            "weight_decay": 0.0
        },
        "model": {
            "arch_type": "tabm",
            "k": 32,
            "share_training_batches": false,
            "backbone": {
                "type": "MLP",
                "n_blocks": 3,
                "d_block": 272,
                "dropout": 0.360863070008947
            }
        }
    },
    "n_parameters": 247616,
    "prediction_type": "labels",
    "epoch_size": 18,
    "best_step": 2844,
    "metrics": {
        "train": {
            "rmse": 57186.00332249142,
            "mae": 39927.60546875,
            "r2": 0.7110925663637887,
            "score": -57186.00332249142
        },
        "val": {
            "rmse": 65194.237782184406,
            "mae": 45237.14453125,
            "r2": 0.616892480390875,
            "score": -65194.237782184406
        },
        "test": {
            "rmse": 66540.6972010363,
            "mae": 45350.0625,
            "r2": 0.6125704534060903,
            "score": -66540.6972010363
        }
    },
    "time": "0:00:23.184115",
    "chunk_size": null,
    "eval_batch_size": 32768,
    "heads": [
        3
    ],
    "head_selection_time": "0:00:00.024804"
}