{
    "function": "bin.model.main",
    "gpus": [
        "NVIDIA GeForce RTX 2080 Ti",
        "NVIDIA GeForce RTX 2080 Ti",
        "NVIDIA GeForce RTX 2080 Ti"
    ],
    "n_parameters": 451040,
    "scores": {
        "train": -65508.851798821815,
        "val": -73431.75204228754,
        "test": -73388.17866659453
    },
    "time": "0:00:52.064287"
}