{
    "function": "bin.model.main",
    "gpus": [
        "NVIDIA GeForce RTX 2080 Ti",
        "NVIDIA GeForce RTX 2080 Ti",
        "NVIDIA GeForce RTX 2080 Ti"
    ],
    "config": {
        "seed": 3,
        "batch_size": 256,
        "patience": 16,
        "n_epochs": -1,
        "gradient_clipping_norm": 1.0,
        "amp": true,
        "data": {
            "cache": true,
            "path": "/home/dxlab/data/dxlab/jupyter/seungtae/tabm/SEUNGTAE/korea1.5/dataset",
            "num_policy": "noisy-quantile"
        },
        "optimizer": {
            "type": "AdamW",
            "lr": 0.0003008643713310103,
            "weight_decay": 0.0003585076100054745
        },
        "model": {
            "arch_type": "tabm-mini",
            "k": 32,
            "share_training_batches": false,
            "backbone": {
                "type": "MLP",
                "n_blocks": 5,
                "d_block": 320,
                "dropout": 0.0
            }
        }
    },
    "n_parameters": 451040,
    "prediction_type": "labels",
    "epoch_size": 129,
    "best_step": 8643,
    "metrics": {
        "train": {
            "rmse": 61701.69683242107,
            "mae": 41676.94921875,
            "r2": 0.5846476006818084,
            "score": -61701.69683242107
        },
        "val": {
            "rmse": 73546.18902431315,
            "mae": 48811.046875,
            "r2": 0.3966046910548343,
            "score": -73546.18902431315
        },
        "test": {
            "rmse": 73727.28471875253,
            "mae": 48939.2890625,
            "r2": 0.3915281904252367,
            "score": -73727.28471875253
        }
    },
    "time": "0:00:58.350771",
    "chunk_size": null,
    "eval_batch_size": 32768
}