{
    "function": "bin.ensemble.main",
    "config": {
        "seeds": [
            0,
            1,
            2,
            3,
            4
        ],
        "data": {
            "path": "/home/dxlab/data/dxlab/jupyter/seungtae/tabm/SEUNGTAE/korea_undersample/dataset"
        }
    },
    "single_model_function": "bin.model.main",
    "prediction_type": "labels",
    "metrics": {
        "train": {
            "rmse": 50448.86520031942,
            "mae": 34245.96875,
            "r2": 0.7751556120141361,
            "score": -50448.86520031942
        },
        "val": {
            "rmse": 64943.083511641176,
            "mae": 43230.23828125,
            "r2": 0.619838599586199,
            "score": -64943.083511641176
        },
        "test": {
            "rmse": 65227.29244725708,
            "mae": 43118.140625,
            "r2": 0.6277139342751229,
            "score": -65227.29244725708
        }
    }
}