{
    "function": "bin.model.main",
    "gpus": [
        "NVIDIA GeForce RTX 2080 Ti",
        "NVIDIA GeForce RTX 2080 Ti",
        "NVIDIA GeForce RTX 2080 Ti"
    ],
    "config": {
        "seed": 7,
        "batch_size": 512,
        "patience": 16,
        "n_epochs": -1,
        "gradient_clipping_norm": 1.0,
        "amp": true,
        "data": {
            "cache": true,
            "path": "SEUNGTAE/korea_base_mini/dataset",
            "num_policy": "noisy-quantile",
            "cat_policy": "ordinal"
        },
        "optimizer": {
            "type": "AdamW",
            "lr": 0.001585036863603441,
            "weight_decay": 0.0
        },
        "model": {
            "arch_type": "tabm-mini",
            "k": 32,
            "share_training_batches": false,
            "backbone": {
                "type": "MLP",
                "n_blocks": 4,
                "d_block": 288,
                "dropout": 0.19829332106574343
            }
        }
    },
    "n_parameters": 281632,
    "prediction_type": "labels",
    "epoch_size": 18,
    "best_step": 1206,
    "metrics": {
        "train": {
            "rmse": 53285.460380858116,
            "mae": 36365.8828125,
            "r2": 0.749160048050753,
            "score": -53285.460380858116
        },
        "val": {
            "rmse": 64990.28259670826,
            "mae": 43585.015625,
            "r2": 0.6192857831601175,
            "score": -64990.28259670826
        },
        "test": {
            "rmse": 66006.95623947524,
            "mae": 44045.62890625,
            "r2": 0.618760825503015,
            "score": -66006.95623947524
        }
    },
    "time": "0:00:11.459503",
    "chunk_size": null,
    "eval_batch_size": 32768,
    "heads": [
        19,
        29,
        25,
        13,
        1,
        12,
        2,
        29
    ],
    "head_selection_time": "0:00:00.214138"
}