{
    "function": "bin.model.main",
    "gpus": [
        "NVIDIA GeForce RTX 2080 Ti",
        "NVIDIA GeForce RTX 2080 Ti",
        "NVIDIA GeForce RTX 2080 Ti"
    ],
    "config": {
        "seed": 0,
        "batch_size": 512,
        "patience": 16,
        "n_epochs": -1,
        "gradient_clipping_norm": 1.0,
        "amp": true,
        "data": {
            "cache": true,
            "path": "/home/dxlab/data/dxlab/jupyter/seungtae/tabm/SEUNGTAE/korea_undersample/dataset",
            "num_policy": "noisy-quantile",
            "cat_policy": "ordinal"
        },
        "optimizer": {
            "type": "AdamW",
            "lr": 0.001585036863603441,
            "weight_decay": 0.0
        },
        "model": {
            "arch_type": "tabm-mini",
            "k": 32,
            "share_training_batches": false,
            "backbone": {
                "type": "MLP",
                "n_blocks": 4,
                "d_block": 288,
                "dropout": 0.19829332106574343
            }
        }
    },
    "n_parameters": 281632,
    "prediction_type": "labels",
    "epoch_size": 18,
    "best_step": 1422,
    "metrics": {
        "train": {
            "rmse": 47675.49777401386,
            "mae": 32284.4375,
            "r2": 0.7991972251324739,
            "score": -47675.49777401386
        },
        "val": {
            "rmse": 64735.78645540657,
            "mae": 42627.71875,
            "r2": 0.6222616152474649,
            "score": -64735.78645540657
        },
        "test": {
            "rmse": 65151.50294505876,
            "mae": 42686.98046875,
            "r2": 0.628578569827943,
            "score": -65151.50294505876
        }
    },
    "time": "0:00:13.658250",
    "chunk_size": null,
    "eval_batch_size": 32768
}