{
    "function": "bin.model.main",
    "gpus": [
        "NVIDIA A100 80GB PCIe MIG 2g.20gb"
    ],
    "config": {
        "seed": 4,
        "batch_size": 512,
        "patience": 16,
        "n_epochs": -1,
        "gradient_clipping_norm": 1.0,
        "amp": true,
        "data": {
            "cache": true,
            "path": "/home/elicer/tabm/SEUNGTAE/korea_base/dataset",
            "num_policy": "noisy-quantile",
            "cat_policy": "ordinal"
        },
        "optimizer": {
            "type": "AdamW",
            "lr": 0.0011563746902507038,
            "weight_decay": 0.0015827100831528388
        },
        "model": {
            "arch_type": "tabm",
            "k": 32,
            "share_training_batches": false,
            "backbone": {
                "type": "MLP",
                "n_blocks": 4,
                "d_block": 256,
                "dropout": 0.08464895567510722
            }
        }
    },
    "n_parameters": 315104,
    "prediction_type": "labels",
    "epoch_size": 63,
    "best_step": 14679,
    "metrics": {
        "train": {
            "rmse": 38738.36919644398,
            "mae": 24669.8671875,
            "r2": 0.831647491961875,
            "score": -38738.36919644398
        },
        "val": {
            "rmse": 51856.77753196779,
            "mae": 31702.60546875,
            "r2": 0.6999514562074622,
            "score": -51856.77753196779
        },
        "test": {
            "rmse": 50716.01750926427,
            "mae": 30733.921875,
            "r2": 0.7024541064311312,
            "score": -50716.01750926427
        }
    },
    "time": "0:02:22.718633",
    "chunk_size": null,
    "eval_batch_size": 32768,
    "heads": [
        24
    ],
    "head_selection_time": "0:00:00.030670"
}