{
    "function": "bin.model.main",
    "gpus": [
        "NVIDIA GeForce RTX 2080 Ti",
        "NVIDIA GeForce RTX 2080 Ti",
        "NVIDIA GeForce RTX 2080 Ti"
    ],
    "n_parameters": 451040,
    "scores": {
        "train": -61594.75094519013,
        "val": -73130.24698440448,
        "test": -73292.43562605898
    },
    "time": "0:01:07.590897"
}