{
    "function": "bin.model.main",
    "gpus": [
        "NVIDIA GeForce RTX 2080 Ti",
        "NVIDIA GeForce RTX 2080 Ti",
        "NVIDIA GeForce RTX 2080 Ti"
    ],
    "config": {
        "seed": 0,
        "batch_size": 256,
        "patience": 16,
        "n_epochs": -1,
        "gradient_clipping_norm": 1.0,
        "amp": true,
        "data": {
            "cache": true,
            "path": "/home/dxlab/data/dxlab/jupyter/seungtae/tabm/SEUNGTAE/korea1.5/dataset",
            "num_policy": "noisy-quantile"
        },
        "optimizer": {
            "type": "AdamW",
            "lr": 0.0003008643713310103,
            "weight_decay": 0.0003585076100054745
        },
        "model": {
            "arch_type": "tabm-mini",
            "k": 32,
            "share_training_batches": false,
            "backbone": {
                "type": "MLP",
                "n_blocks": 5,
                "d_block": 320,
                "dropout": 0.0
            }
        }
    },
    "n_parameters": 451040,
    "prediction_type": "labels",
    "epoch_size": 129,
    "best_step": 12384,
    "metrics": {
        "train": {
            "rmse": 60655.22552921553,
            "mae": 40371.44921875,
            "r2": 0.5986169917092774,
            "score": -60655.22552921553
        },
        "val": {
            "rmse": 72798.8922992651,
            "mae": 47762.203125,
            "r2": 0.40880443230046837,
            "score": -72798.8922992651
        },
        "test": {
            "rmse": 73130.20147654456,
            "mae": 47874.9609375,
            "r2": 0.40134366244650765,
            "score": -73130.20147654456
        }
    },
    "time": "0:01:18.716596",
    "chunk_size": null,
    "eval_batch_size": 32768
}