{
    "function": "bin.model.main",
    "gpus": [
        "NVIDIA GeForce RTX 2080 Ti",
        "NVIDIA GeForce RTX 2080 Ti",
        "NVIDIA GeForce RTX 2080 Ti"
    ],
    "n_parameters": 451040,
    "scores": {
        "train": -60655.22552921553,
        "val": -72798.8922992651,
        "test": -73130.20147654456
    },
    "time": "0:01:18.716596"
}