{
    "function": "bin.model.main",
    "gpus": [
        "NVIDIA GeForce RTX 2080 Ti",
        "NVIDIA GeForce RTX 2080 Ti",
        "NVIDIA GeForce RTX 2080 Ti"
    ],
    "config": {
        "seed": 12,
        "batch_size": 512,
        "patience": 16,
        "n_epochs": -1,
        "gradient_clipping_norm": 1.0,
        "amp": true,
        "data": {
            "cache": true,
            "path": "/home/dxlab/data/dxlab/jupyter/seungtae/tabm/SEUNGTAE/korea_undersample_tabm/dataset",
            "num_policy": "noisy-quantile",
            "cat_policy": "ordinal"
        },
        "optimizer": {
            "type": "AdamW",
            "lr": 0.0008349259297406521,
            "weight_decay": 0.0
        },
        "model": {
            "arch_type": "tabm",
            "k": 32,
            "share_training_batches": false,
            "backbone": {
                "type": "MLP",
                "n_blocks": 3,
                "d_block": 272,
                "dropout": 0.360863070008947
            }
        }
    },
    "n_parameters": 247616,
    "prediction_type": "labels",
    "epoch_size": 18,
    "best_step": 2682,
    "metrics": {
        "train": {
            "rmse": 52874.383968042595,
            "mae": 36405.2109375,
            "r2": 0.7530153966747831,
            "score": -52874.383968042595
        },
        "val": {
            "rmse": 64942.25570458729,
            "mae": 43914.86328125,
            "r2": 0.6198482477099552,
            "score": -64942.25570458729
        },
        "test": {
            "rmse": 66446.51479197385,
            "mae": 44307.8828125,
            "r2": 0.6136664007548271,
            "score": -66446.51479197385
        }
    },
    "time": "0:00:21.482794",
    "chunk_size": null,
    "eval_batch_size": 32768,
    "heads": [
        22
    ],
    "head_selection_time": "0:00:00.023622"
}