{
    "function": "bin.model.main",
    "gpus": [
        "NVIDIA GeForce RTX 2080 Ti",
        "NVIDIA GeForce RTX 2080 Ti",
        "NVIDIA GeForce RTX 2080 Ti"
    ],
    "config": {
        "seed": 11,
        "batch_size": 256,
        "patience": 16,
        "n_epochs": -1,
        "gradient_clipping_norm": 1.0,
        "amp": true,
        "data": {
            "cache": true,
            "path": "/home/dxlab/data/dxlab/jupyter/seungtae/tabm/SEUNGTAE/korea1.5/dataset",
            "num_policy": "noisy-quantile"
        },
        "optimizer": {
            "type": "AdamW",
            "lr": 0.0003008643713310103,
            "weight_decay": 0.0003585076100054745
        },
        "model": {
            "arch_type": "tabm-mini",
            "k": 32,
            "share_training_batches": false,
            "backbone": {
                "type": "MLP",
                "n_blocks": 5,
                "d_block": 320,
                "dropout": 0.0
            }
        }
    },
    "n_parameters": 451040,
    "prediction_type": "labels",
    "epoch_size": 129,
    "best_step": 8385,
    "metrics": {
        "train": {
            "rmse": 63968.36218006523,
            "mae": 42757.5703125,
            "r2": 0.5535703860459197,
            "score": -63968.36218006523
        },
        "val": {
            "rmse": 73555.68752992524,
            "mae": 48620.2578125,
            "r2": 0.39644883790637,
            "score": -73555.68752992524
        },
        "test": {
            "rmse": 73565.75203177087,
            "mae": 48699.78515625,
            "r2": 0.39419149915723883,
            "score": -73565.75203177087
        }
    },
    "time": "0:00:56.846790",
    "chunk_size": null,
    "eval_batch_size": 32768
}