{
    "function": "bin.model.main",
    "gpus": [
        "NVIDIA GeForce RTX 2080 Ti",
        "NVIDIA GeForce RTX 2080 Ti",
        "NVIDIA GeForce RTX 2080 Ti"
    ],
    "n_parameters": 451040,
    "scores": {
        "train": -63968.36218006523,
        "val": -73555.68752992524,
        "test": -73565.75203177087
    },
    "time": "0:00:56.846790"
}