{
    "function": "bin.model.main",
    "gpus": [
        "NVIDIA GeForce RTX 2080 Ti",
        "NVIDIA GeForce RTX 2080 Ti",
        "NVIDIA GeForce RTX 2080 Ti"
    ],
    "config": {
        "seed": 4,
        "batch_size": 256,
        "patience": 16,
        "n_epochs": -1,
        "gradient_clipping_norm": 1.0,
        "amp": true,
        "data": {
            "cache": true,
            "path": "/home/dxlab/data/dxlab/jupyter/seungtae/tabm/exp/tabm/korea/dataset",
            "num_policy": "noisy-quantile"
        },
        "optimizer": {
            "type": "AdamW",
            "lr": 0.00011184538628817076,
            "weight_decay": 0.0010913099057351175
        },
        "model": {
            "arch_type": "tabm",
            "k": 32,
            "share_training_batches": false,
            "backbone": {
                "type": "MLP",
                "n_blocks": 4,
                "d_block": 240,
                "dropout": 0.0
            }
        }
    },
    "n_parameters": 287840,
    "prediction_type": "labels",
    "epoch_size": 147,
    "best_step": 5880,
    "metrics": {
        "train": {
            "rmse": 724915.2049722781,
            "mae": 228952.484375,
            "r2": 0.6363045063322017,
            "score": -724915.2049722781
        },
        "val": {
            "rmse": 913127.7058725137,
            "mae": 257879.734375,
            "r2": 0.3455225685157183,
            "score": -913127.7058725137
        },
        "test": {
            "rmse": 836255.4165229663,
            "mae": 244258.265625,
            "r2": 0.299517239943881,
            "score": -836255.4165229663
        }
    },
    "time": "0:23:02.129269",
    "chunk_size": null,
    "eval_batch_size": 32768
}