{
    "function": "bin.model.main",
    "gpus": [
        "NVIDIA GeForce RTX 2080 Ti",
        "NVIDIA GeForce RTX 2080 Ti",
        "NVIDIA GeForce RTX 2080 Ti"
    ],
    "n_parameters": 287840,
    "scores": {
        "train": -724915.2049722781,
        "val": -913127.7058725137,
        "test": -836255.4165229663
    },
    "time": "0:23:02.129269"
}