{
    "function": "bin.model.main",
    "gpus": [
        "NVIDIA A100 80GB PCIe MIG 2g.20gb"
    ],
    "config": {
        "seed": 3,
        "batch_size": 512,
        "patience": 16,
        "n_epochs": -1,
        "gradient_clipping_norm": 1.0,
        "amp": true,
        "data": {
            "cache": true,
            "path": "/home/elicer/tabm/SEUNGTAE/korea_base/dataset",
            "num_policy": "noisy-quantile",
            "cat_policy": "ordinal"
        },
        "optimizer": {
            "type": "AdamW",
            "lr": 0.0011563746902507038,
            "weight_decay": 0.0015827100831528388
        },
        "model": {
            "arch_type": "tabm",
            "k": 32,
            "share_training_batches": false,
            "backbone": {
                "type": "MLP",
                "n_blocks": 4,
                "d_block": 256,
                "dropout": 0.08464895567510722
            }
        }
    },
    "n_parameters": 315104,
    "prediction_type": "labels",
    "epoch_size": 63,
    "best_step": 14931,
    "metrics": {
        "train": {
            "rmse": 37140.625304375266,
            "mae": 23657.267578125,
            "r2": 0.8452483290518056,
            "score": -37140.625304375266
        },
        "val": {
            "rmse": 50325.84767294039,
            "mae": 30898.09765625,
            "r2": 0.7174062212227548,
            "score": -50325.84767294039
        },
        "test": {
            "rmse": 48935.1361702407,
            "mae": 29742.04296875,
            "r2": 0.7229837317573171,
            "score": -48935.1361702407
        }
    },
    "time": "0:02:27.926657",
    "chunk_size": null,
    "eval_batch_size": 32768
}