{
    "function": "bin.ensemble.main",
    "scores": {
        "train": -52129.47082025675,
        "val": -65379.11103708891,
        "test": -65728.98149218502
    }
}