{
    "function": "bin.model.main",
    "gpus": [
        "NVIDIA GeForce RTX 2080 Ti",
        "NVIDIA GeForce RTX 2080 Ti",
        "NVIDIA GeForce RTX 2080 Ti"
    ],
    "config": {
        "seed": 12,
        "batch_size": 512,
        "patience": 16,
        "n_epochs": -1,
        "gradient_clipping_norm": 1.0,
        "amp": true,
        "data": {
            "cache": true,
            "path": "/home/dxlab/data/dxlab/jupyter/seungtae/tabm/SEUNGTAE/korea_undersample/dataset",
            "num_policy": "noisy-quantile",
            "cat_policy": "ordinal"
        },
        "optimizer": {
            "type": "AdamW",
            "lr": 0.001585036863603441,
            "weight_decay": 0.0
        },
        "model": {
            "arch_type": "tabm-mini",
            "k": 32,
            "share_training_batches": false,
            "backbone": {
                "type": "MLP",
                "n_blocks": 4,
                "d_block": 288,
                "dropout": 0.19829332106574343
            }
        }
    },
    "n_parameters": 281632,
    "prediction_type": "labels",
    "epoch_size": 18,
    "best_step": 1134,
    "metrics": {
        "train": {
            "rmse": 51983.71929748775,
            "mae": 35212.75,
            "r2": 0.7612661871960017,
            "score": -51983.71929748775
        },
        "val": {
            "rmse": 65434.44670813684,
            "mae": 43563.35546875,
            "r2": 0.6140641778606737,
            "score": -65434.44670813684
        },
        "test": {
            "rmse": 65673.44181630806,
            "mae": 43365.45703125,
            "r2": 0.6226037221857341,
            "score": -65673.44181630806
        }
    },
    "time": "0:00:11.334157",
    "chunk_size": null,
    "eval_batch_size": 32768
}