{
    "function": "bin.model.main",
    "gpus": [
        "NVIDIA GeForce RTX 2080 Ti",
        "NVIDIA GeForce RTX 2080 Ti",
        "NVIDIA GeForce RTX 2080 Ti"
    ],
    "config": {
        "seed": 14,
        "batch_size": 512,
        "patience": 16,
        "n_epochs": -1,
        "gradient_clipping_norm": 1.0,
        "amp": true,
        "data": {
            "cache": true,
            "path": "/home/dxlab/data/dxlab/jupyter/seungtae/tabm/SEUNGTAE/korea_undersample_tabm/dataset",
            "num_policy": "noisy-quantile",
            "cat_policy": "ordinal"
        },
        "optimizer": {
            "type": "AdamW",
            "lr": 0.0008349259297406521,
            "weight_decay": 0.0
        },
        "model": {
            "arch_type": "tabm",
            "k": 32,
            "share_training_batches": false,
            "backbone": {
                "type": "MLP",
                "n_blocks": 3,
                "d_block": 272,
                "dropout": 0.360863070008947
            }
        }
    },
    "n_parameters": 247616,
    "prediction_type": "labels",
    "epoch_size": 18,
    "best_step": 2844,
    "metrics": {
        "train": {
            "rmse": 54185.44985510409,
            "mae": 36768.15625,
            "r2": 0.740615146293297,
            "score": -54185.44985510409
        },
        "val": {
            "rmse": 64760.42445815191,
            "mae": 43471.59375,
            "r2": 0.6219740388163757,
            "score": -64760.42445815191
        },
        "test": {
            "rmse": 65468.25795757819,
            "mae": 43517.97265625,
            "r2": 0.6249582390225468,
            "score": -65468.25795757819
        }
    },
    "time": "0:00:23.184115",
    "chunk_size": null,
    "eval_batch_size": 32768
}