{
    "function": "bin.model.main",
    "gpus": [
        "NVIDIA GeForce RTX 2080 Ti",
        "NVIDIA GeForce RTX 2080 Ti",
        "NVIDIA GeForce RTX 2080 Ti"
    ],
    "config": {
        "seed": 1,
        "batch_size": 512,
        "patience": 16,
        "n_epochs": -1,
        "gradient_clipping_norm": 1.0,
        "amp": true,
        "data": {
            "cache": true,
            "path": "/home/dxlab/data/dxlab/jupyter/seungtae/tabm/SEUNGTAE/korea_undersample_tabm/dataset",
            "num_policy": "noisy-quantile",
            "cat_policy": "ordinal"
        },
        "optimizer": {
            "type": "AdamW",
            "lr": 0.0008349259297406521,
            "weight_decay": 0.0
        },
        "model": {
            "arch_type": "tabm",
            "k": 32,
            "share_training_batches": false,
            "backbone": {
                "type": "MLP",
                "n_blocks": 3,
                "d_block": 272,
                "dropout": 0.360863070008947
            }
        }
    },
    "n_parameters": 247616,
    "prediction_type": "labels",
    "epoch_size": 18,
    "best_step": 3492,
    "metrics": {
        "train": {
            "rmse": 53413.6102505719,
            "mae": 36272.83203125,
            "r2": 0.747952115222585,
            "score": -53413.6102505719
        },
        "val": {
            "rmse": 64885.29497505579,
            "mae": 43546.54296875,
            "r2": 0.620514866239654,
            "score": -64885.29497505579
        },
        "test": {
            "rmse": 65371.47120877731,
            "mae": 43467.78125,
            "r2": 0.6260663262140005,
            "score": -65371.47120877731
        }
    },
    "time": "0:00:31.687009",
    "chunk_size": null,
    "eval_batch_size": 32768
}