{
    "function": "bin.model.main",
    "gpus": [
        "NVIDIA GeForce RTX 2080 Ti",
        "NVIDIA GeForce RTX 2080 Ti",
        "NVIDIA GeForce RTX 2080 Ti"
    ],
    "n_parameters": 247616,
    "scores": {
        "train": -53413.6102505719,
        "val": -64885.29497505579,
        "test": -65371.47120877731
    },
    "time": "0:00:31.687009"
}