{
    "function": "bin.model.main",
    "gpus": [
        "NVIDIA GeForce RTX 2080 Ti",
        "NVIDIA GeForce RTX 2080 Ti",
        "NVIDIA GeForce RTX 2080 Ti"
    ],
    "config": {
        "seed": 8,
        "batch_size": 512,
        "patience": 16,
        "n_epochs": -1,
        "gradient_clipping_norm": 1.0,
        "amp": true,
        "data": {
            "cache": true,
            "path": "SEUNGTAE/korea_base_mini/dataset",
            "num_policy": "noisy-quantile",
            "cat_policy": "ordinal"
        },
        "optimizer": {
            "type": "AdamW",
            "lr": 0.001585036863603441,
            "weight_decay": 0.0
        },
        "model": {
            "arch_type": "tabm-mini",
            "k": 32,
            "share_training_batches": false,
            "backbone": {
                "type": "MLP",
                "n_blocks": 4,
                "d_block": 288,
                "dropout": 0.19829332106574343
            }
        }
    },
    "n_parameters": 281632,
    "prediction_type": "labels",
    "epoch_size": 18,
    "best_step": 1098,
    "metrics": {
        "train": {
            "rmse": 54398.209382294925,
            "mae": 37291.6796875,
            "r2": 0.7385741938841648,
            "score": -54398.209382294925
        },
        "val": {
            "rmse": 65924.10860982498,
            "mae": 44458.18359375,
            "r2": 0.6082664008263265,
            "score": -65924.10860982498
        },
        "test": {
            "rmse": 67064.49194618565,
            "mae": 44963.66015625,
            "r2": 0.6064469078161501,
            "score": -67064.49194618565
        }
    },
    "time": "0:00:10.674189",
    "chunk_size": null,
    "eval_batch_size": 32768,
    "heads": [
        17
    ],
    "head_selection_time": "0:00:00.023664"
}