{
    "function": "bin.model.main",
    "gpus": [
        "NVIDIA GeForce RTX 2080 Ti",
        "NVIDIA GeForce RTX 2080 Ti",
        "NVIDIA GeForce RTX 2080 Ti"
    ],
    "config": {
        "seed": 13,
        "batch_size": 512,
        "patience": 16,
        "n_epochs": -1,
        "gradient_clipping_norm": 1.0,
        "amp": true,
        "data": {
            "cache": true,
            "path": "SEUNGTAE/korea_base_mini/dataset",
            "num_policy": "noisy-quantile",
            "cat_policy": "ordinal"
        },
        "optimizer": {
            "type": "AdamW",
            "lr": 0.001585036863603441,
            "weight_decay": 0.0
        },
        "model": {
            "arch_type": "tabm-mini",
            "k": 32,
            "share_training_batches": false,
            "backbone": {
                "type": "MLP",
                "n_blocks": 4,
                "d_block": 288,
                "dropout": 0.19829332106574343
            }
        }
    },
    "n_parameters": 281632,
    "prediction_type": "labels",
    "epoch_size": 18,
    "best_step": 1170,
    "metrics": {
        "train": {
            "rmse": 50966.38201795375,
            "mae": 34961.57421875,
            "r2": 0.77051894129744,
            "score": -50966.38201795375
        },
        "val": {
            "rmse": 65054.69354320256,
            "mae": 43840.53125,
            "r2": 0.6185307739100496,
            "score": -65054.69354320256
        },
        "test": {
            "rmse": 65457.83033373472,
            "mae": 43778.19921875,
            "r2": 0.6250777173476141,
            "score": -65457.83033373472
        }
    },
    "time": "0:00:11.118982",
    "chunk_size": null,
    "eval_batch_size": 32768,
    "heads": [
        3,
        24,
        25,
        9,
        28
    ],
    "head_selection_time": "0:00:00.159018"
}