{
    "function": "bin.model.main",
    "gpus": [
        "NVIDIA GeForce RTX 2080 Ti",
        "NVIDIA GeForce RTX 2080 Ti",
        "NVIDIA GeForce RTX 2080 Ti"
    ],
    "config": {
        "seed": 11,
        "batch_size": 512,
        "patience": 16,
        "n_epochs": -1,
        "gradient_clipping_norm": 1.0,
        "amp": true,
        "data": {
            "cache": true,
            "path": "/home/dxlab/data/dxlab/jupyter/seungtae/tabm/SEUNGTAE/korea_undersample_tabm/dataset",
            "num_policy": "noisy-quantile",
            "cat_policy": "ordinal"
        },
        "optimizer": {
            "type": "AdamW",
            "lr": 0.0008349259297406521,
            "weight_decay": 0.0
        },
        "model": {
            "arch_type": "tabm",
            "k": 32,
            "share_training_batches": false,
            "backbone": {
                "type": "MLP",
                "n_blocks": 3,
                "d_block": 272,
                "dropout": 0.360863070008947
            }
        }
    },
    "n_parameters": 247616,
    "prediction_type": "labels",
    "epoch_size": 18,
    "best_step": 3150,
    "metrics": {
        "train": {
            "rmse": 55918.498406162515,
            "mae": 38345.58203125,
            "r2": 0.7237576795322461,
            "score": -55918.498406162515
        },
        "val": {
            "rmse": 65470.04884678184,
            "mae": 44279.015625,
            "r2": 0.613644068408647,
            "score": -65470.04884678184
        },
        "test": {
            "rmse": 66306.52890930123,
            "mae": 44568.73046875,
            "r2": 0.6152925025426992,
            "score": -66306.52890930123
        }
    },
    "time": "0:00:24.805566",
    "chunk_size": null,
    "eval_batch_size": 32768,
    "heads": [
        13
    ],
    "head_selection_time": "0:00:00.023682"
}