{
    "function": "bin.model.main",
    "gpus": [
        "NVIDIA GeForce RTX 2080 Ti",
        "NVIDIA GeForce RTX 2080 Ti",
        "NVIDIA GeForce RTX 2080 Ti"
    ],
    "config": {
        "seed": 4,
        "batch_size": 512,
        "patience": 16,
        "n_epochs": -1,
        "gradient_clipping_norm": 1.0,
        "amp": true,
        "data": {
            "cache": true,
            "path": "/home/dxlab/data/dxlab/jupyter/seungtae/tabm/SEUNGTAE/korea_undersample_tabm/dataset",
            "num_policy": "noisy-quantile",
            "cat_policy": "ordinal"
        },
        "optimizer": {
            "type": "AdamW",
            "lr": 0.0008349259297406521,
            "weight_decay": 0.0
        },
        "model": {
            "arch_type": "tabm",
            "k": 32,
            "share_training_batches": false,
            "backbone": {
                "type": "MLP",
                "n_blocks": 3,
                "d_block": 272,
                "dropout": 0.360863070008947
            }
        }
    },
    "n_parameters": 247616,
    "prediction_type": "labels",
    "epoch_size": 18,
    "best_step": 3708,
    "metrics": {
        "train": {
            "rmse": 57233.080224639314,
            "mae": 39137.6875,
            "r2": 0.7106167151033198,
            "score": -57233.080224639314
        },
        "val": {
            "rmse": 64839.69352179266,
            "mae": 43800.5703125,
            "r2": 0.6210480570531796,
            "score": -64839.69352179266
        },
        "test": {
            "rmse": 66236.83857190046,
            "mae": 44284.5390625,
            "r2": 0.6161007801858261,
            "score": -66236.83857190046
        }
    },
    "time": "0:00:29.733050",
    "chunk_size": null,
    "eval_batch_size": 32768,
    "heads": [
        13
    ],
    "head_selection_time": "0:00:00.026132"
}