{
    "function": "bin.ensemble.main",
    "scores": {
        "train": -62383.72710891839,
        "val": -73007.00591039192,
        "test": -73162.14102936027
    }
}