{
    "function": "bin.model.main",
    "gpus": [
        "NVIDIA GeForce RTX 2080 Ti",
        "NVIDIA GeForce RTX 2080 Ti",
        "NVIDIA GeForce RTX 2080 Ti"
    ],
    "config": {
        "seed": 2,
        "batch_size": 256,
        "patience": 16,
        "n_epochs": -1,
        "gradient_clipping_norm": 1.0,
        "amp": true,
        "data": {
            "cache": true,
            "path": "/home/dxlab/data/dxlab/jupyter/seungtae/tabm/SEUNGTAE/korea1.5/dataset",
            "num_policy": "noisy-quantile"
        },
        "optimizer": {
            "type": "AdamW",
            "lr": 0.0003008643713310103,
            "weight_decay": 0.0003585076100054745
        },
        "model": {
            "arch_type": "tabm-mini",
            "k": 32,
            "share_training_batches": false,
            "backbone": {
                "type": "MLP",
                "n_blocks": 5,
                "d_block": 320,
                "dropout": 0.0
            }
        }
    },
    "n_parameters": 451040,
    "prediction_type": "labels",
    "epoch_size": 129,
    "best_step": 8514,
    "metrics": {
        "train": {
            "rmse": 68498.9319624766,
            "mae": 45124.6171875,
            "r2": 0.48809405012262463,
            "score": -68498.9319624766
        },
        "val": {
            "rmse": 74380.5015309792,
            "mae": 48718.1015625,
            "r2": 0.38283713811226894,
            "score": -74380.5015309792
        },
        "test": {
            "rmse": 75613.56576699713,
            "mae": 49276.9453125,
            "r2": 0.3599949066331328,
            "score": -75613.56576699713
        }
    },
    "time": "0:00:57.697465",
    "chunk_size": null,
    "eval_batch_size": 32768,
    "heads": [
        10
    ],
    "head_selection_time": "0:00:00.030476"
}