{
    "function": "bin.model.main",
    "gpus": [
        "NVIDIA GeForce RTX 2080 Ti",
        "NVIDIA GeForce RTX 2080 Ti",
        "NVIDIA GeForce RTX 2080 Ti"
    ],
    "config": {
        "seed": 5,
        "batch_size": 512,
        "patience": 16,
        "n_epochs": -1,
        "gradient_clipping_norm": 1.0,
        "amp": true,
        "data": {
            "cache": true,
            "path": "SEUNGTAE/korea_base_mini/dataset",
            "num_policy": "noisy-quantile",
            "cat_policy": "ordinal"
        },
        "optimizer": {
            "type": "AdamW",
            "lr": 0.001585036863603441,
            "weight_decay": 0.0
        },
        "model": {
            "arch_type": "tabm-mini",
            "k": 32,
            "share_training_batches": false,
            "backbone": {
                "type": "MLP",
                "n_blocks": 4,
                "d_block": 288,
                "dropout": 0.19829332106574343
            }
        }
    },
    "n_parameters": 281632,
    "prediction_type": "labels",
    "epoch_size": 18,
    "best_step": 882,
    "metrics": {
        "train": {
            "rmse": 54369.52322763186,
            "mae": 37186.07421875,
            "r2": 0.738849861022349,
            "score": -54369.52322763186
        },
        "val": {
            "rmse": 65180.836447532645,
            "mae": 44104.60546875,
            "r2": 0.6170499992922044,
            "score": -65180.836447532645
        },
        "test": {
            "rmse": 66332.0789965157,
            "mae": 44278.28515625,
            "r2": 0.6149959645605836,
            "score": -66332.0789965157
        }
    },
    "time": "0:00:09.116660",
    "chunk_size": null,
    "eval_batch_size": 32768,
    "heads": [
        28,
        11,
        4,
        0,
        31
    ],
    "head_selection_time": "0:00:00.147907"
}