{
    "function": "bin.model.main",
    "gpus": [
        "NVIDIA A100 80GB PCIe MIG 2g.20gb"
    ],
    "config": {
        "seed": 10,
        "batch_size": 512,
        "patience": 16,
        "n_epochs": -1,
        "gradient_clipping_norm": 1.0,
        "amp": true,
        "data": {
            "cache": true,
            "path": "/home/elicer/tabm/SEUNGTAE/korea_base/dataset",
            "num_policy": "noisy-quantile",
            "cat_policy": "ordinal"
        },
        "optimizer": {
            "type": "AdamW",
            "lr": 0.0011563746902507038,
            "weight_decay": 0.0015827100831528388
        },
        "model": {
            "arch_type": "tabm",
            "k": 32,
            "share_training_batches": false,
            "backbone": {
                "type": "MLP",
                "n_blocks": 4,
                "d_block": 256,
                "dropout": 0.08464895567510722
            }
        }
    },
    "n_parameters": 315104,
    "prediction_type": "labels",
    "epoch_size": 63,
    "best_step": 17640,
    "metrics": {
        "train": {
            "rmse": 35412.50581362465,
            "mae": 22533.44140625,
            "r2": 0.8593142111025197,
            "score": -35412.50581362465
        },
        "val": {
            "rmse": 50243.78074946192,
            "mae": 30621.42578125,
            "r2": 0.7183271166128559,
            "score": -50243.78074946192
        },
        "test": {
            "rmse": 48891.840137184445,
            "mae": 29502.19921875,
            "r2": 0.7234737001048808,
            "score": -48891.840137184445
        }
    },
    "time": "0:02:46.735533",
    "chunk_size": null,
    "eval_batch_size": 32768
}