{
    "function": "bin.model.main",
    "gpus": [
        "NVIDIA GeForce RTX 2080 Ti",
        "NVIDIA GeForce RTX 2080 Ti",
        "NVIDIA GeForce RTX 2080 Ti"
    ],
    "config": {
        "seed": 8,
        "batch_size": 512,
        "patience": 16,
        "n_epochs": -1,
        "gradient_clipping_norm": 1.0,
        "amp": true,
        "data": {
            "cache": true,
            "path": "SEUNGTAE/korea_base_mini/dataset",
            "num_policy": "noisy-quantile",
            "cat_policy": "ordinal"
        },
        "optimizer": {
            "type": "AdamW",
            "lr": 0.001585036863603441,
            "weight_decay": 0.0
        },
        "model": {
            "arch_type": "tabm-mini",
            "k": 32,
            "share_training_batches": false,
            "backbone": {
                "type": "MLP",
                "n_blocks": 4,
                "d_block": 288,
                "dropout": 0.19829332106574343
            }
        }
    },
    "n_parameters": 281632,
    "prediction_type": "labels",
    "epoch_size": 18,
    "best_step": 1098,
    "metrics": {
        "train": {
            "rmse": 53631.82100208793,
            "mae": 36552.35546875,
            "r2": 0.7458884688480298,
            "score": -53631.82100208793
        },
        "val": {
            "rmse": 64874.57634543751,
            "mae": 43600.828125,
            "r2": 0.6206401823576779,
            "score": -64874.57634543751
        },
        "test": {
            "rmse": 65801.48958800249,
            "mae": 43768.10546875,
            "r2": 0.6211306638676797,
            "score": -65801.48958800249
        }
    },
    "time": "0:00:10.674189",
    "chunk_size": null,
    "eval_batch_size": 32768,
    "heads": [
        17,
        11,
        24,
        10,
        7,
        11,
        2
    ],
    "head_selection_time": "0:00:00.190773"
}