{
    "function": "bin.model.main",
    "gpus": [
        "NVIDIA GeForce RTX 2080 Ti",
        "NVIDIA GeForce RTX 2080 Ti",
        "NVIDIA GeForce RTX 2080 Ti"
    ],
    "config": {
        "seed": 1,
        "batch_size": 256,
        "patience": 16,
        "n_epochs": -1,
        "gradient_clipping_norm": 1.0,
        "amp": true,
        "data": {
            "cache": true,
            "path": "/home/dxlab/data/dxlab/jupyter/seungtae/tabm/SEUNGTAE/korea1.5/dataset",
            "num_policy": "noisy-quantile"
        },
        "optimizer": {
            "type": "AdamW",
            "lr": 0.0003008643713310103,
            "weight_decay": 0.0003585076100054745
        },
        "model": {
            "arch_type": "tabm-mini",
            "k": 32,
            "share_training_batches": false,
            "backbone": {
                "type": "MLP",
                "n_blocks": 5,
                "d_block": 320,
                "dropout": 0.0
            }
        }
    },
    "n_parameters": 451040,
    "prediction_type": "labels",
    "epoch_size": 129,
    "best_step": 7998,
    "metrics": {
        "train": {
            "rmse": 66950.66888388793,
            "mae": 44794.78515625,
            "r2": 0.5109735189027171,
            "score": -66950.66888388793
        },
        "val": {
            "rmse": 73183.95802359968,
            "mae": 48761.5,
            "r2": 0.4025337263050681,
            "score": -73183.95802359968
        },
        "test": {
            "rmse": 73322.32140351259,
            "mae": 48903.62109375,
            "r2": 0.39819412194790804,
            "score": -73322.32140351259
        }
    },
    "time": "0:00:59.317850",
    "chunk_size": null,
    "eval_batch_size": 32768,
    "heads": [
        23,
        15,
        2,
        18,
        30,
        4,
        9,
        19
    ],
    "head_selection_time": "0:00:00.253430"
}