{
    "function": "bin.model.main",
    "gpus": [
        "NVIDIA GeForce RTX 2080 Ti",
        "NVIDIA GeForce RTX 2080 Ti",
        "NVIDIA GeForce RTX 2080 Ti"
    ],
    "config": {
        "seed": 12,
        "batch_size": 256,
        "patience": 16,
        "n_epochs": -1,
        "gradient_clipping_norm": 1.0,
        "amp": true,
        "data": {
            "cache": true,
            "path": "/home/dxlab/data/dxlab/jupyter/seungtae/tabm/exp/tabm/korea/dataset",
            "num_policy": "noisy-quantile"
        },
        "optimizer": {
            "type": "AdamW",
            "lr": 0.00011184538628817076,
            "weight_decay": 0.0010913099057351175
        },
        "model": {
            "arch_type": "tabm",
            "k": 32,
            "share_training_batches": false,
            "backbone": {
                "type": "MLP",
                "n_blocks": 4,
                "d_block": 240,
                "dropout": 0.0
            }
        }
    },
    "n_parameters": 287840,
    "prediction_type": "labels",
    "epoch_size": 147,
    "best_step": 19257,
    "metrics": {
        "train": {
            "rmse": 444860.38611681305,
            "mae": 189616.59375,
            "r2": 0.8630345770072009,
            "score": -444860.38611681305
        },
        "val": {
            "rmse": 843096.2310341565,
            "mae": 243832.328125,
            "r2": 0.4420620627484835,
            "score": -843096.2310341565
        },
        "test": {
            "rmse": 858240.677702939,
            "mae": 239886.75,
            "r2": 0.2622016017401222,
            "score": -858240.677702939
        }
    },
    "time": "1:00:31.050095",
    "chunk_size": null,
    "eval_batch_size": 32768,
    "heads": [
        31,
        30,
        9,
        23
    ],
    "head_selection_time": "0:00:00.140352"
}