{
    "function": "bin.model.main",
    "gpus": [
        "NVIDIA GeForce RTX 2080 Ti",
        "NVIDIA GeForce RTX 2080 Ti",
        "NVIDIA GeForce RTX 2080 Ti"
    ],
    "config": {
        "seed": 5,
        "batch_size": 256,
        "patience": 16,
        "n_epochs": -1,
        "gradient_clipping_norm": 1.0,
        "amp": true,
        "data": {
            "cache": true,
            "path": "/home/dxlab/data/dxlab/jupyter/seungtae/tabm/exp/tabm/korea/dataset",
            "num_policy": "noisy-quantile"
        },
        "optimizer": {
            "type": "AdamW",
            "lr": 0.00011184538628817076,
            "weight_decay": 0.0010913099057351175
        },
        "model": {
            "arch_type": "tabm",
            "k": 32,
            "share_training_batches": false,
            "backbone": {
                "type": "MLP",
                "n_blocks": 4,
                "d_block": 240,
                "dropout": 0.0
            }
        }
    },
    "n_parameters": 287840,
    "prediction_type": "labels",
    "epoch_size": 147,
    "best_step": 24402,
    "metrics": {
        "train": {
            "rmse": 468600.46538602584,
            "mae": 193747.65625,
            "r2": 0.8480261284137002,
            "score": -468600.46538602584
        },
        "val": {
            "rmse": 841620.4700172162,
            "mae": 244875.1875,
            "r2": 0.4440135156783006,
            "score": -841620.4700172162
        },
        "test": {
            "rmse": 844208.0447283122,
            "mae": 242164.859375,
            "r2": 0.28613105628504343,
            "score": -844208.0447283122
        }
    },
    "time": "1:14:55.977506",
    "chunk_size": null,
    "eval_batch_size": 32768,
    "heads": [
        10,
        28,
        20,
        31,
        21
    ],
    "head_selection_time": "0:00:00.168818"
}