{
    "function": "bin.model.main",
    "gpus": [
        "NVIDIA GeForce RTX 2080 Ti",
        "NVIDIA GeForce RTX 2080 Ti",
        "NVIDIA GeForce RTX 2080 Ti"
    ],
    "config": {
        "seed": 9,
        "batch_size": 512,
        "patience": 16,
        "n_epochs": -1,
        "gradient_clipping_norm": 1.0,
        "amp": true,
        "data": {
            "cache": true,
            "path": "/home/dxlab/data/dxlab/jupyter/seungtae/tabm/SEUNGTAE/korea_undersample/dataset",
            "num_policy": "noisy-quantile",
            "cat_policy": "ordinal"
        },
        "optimizer": {
            "type": "AdamW",
            "lr": 0.001585036863603441,
            "weight_decay": 0.0
        },
        "model": {
            "arch_type": "tabm-mini",
            "k": 32,
            "share_training_batches": false,
            "backbone": {
                "type": "MLP",
                "n_blocks": 4,
                "d_block": 288,
                "dropout": 0.19829332106574343
            }
        }
    },
    "n_parameters": 281632,
    "prediction_type": "labels",
    "epoch_size": 18,
    "best_step": 954,
    "metrics": {
        "train": {
            "rmse": 54173.25214531614,
            "mae": 36571.44140625,
            "r2": 0.7407319071702108,
            "score": -54173.25214531614
        },
        "val": {
            "rmse": 65021.5747579217,
            "mae": 43340.58984375,
            "r2": 0.6189190905053131,
            "score": -65021.5747579217
        },
        "test": {
            "rmse": 65656.7169450316,
            "mae": 43259.7734375,
            "r2": 0.6227958979685189,
            "score": -65656.7169450316
        }
    },
    "time": "0:00:09.859964",
    "chunk_size": null,
    "eval_batch_size": 32768,
    "heads": [
        25,
        17,
        11,
        7,
        27,
        22,
        4,
        16,
        19,
        17,
        24
    ],
    "head_selection_time": "0:00:00.279946"
}