{
    "function": "bin.model.main",
    "gpus": [
        "NVIDIA GeForce RTX 2080 Ti",
        "NVIDIA GeForce RTX 2080 Ti",
        "NVIDIA GeForce RTX 2080 Ti"
    ],
    "n_parameters": 287840,
    "scores": {
        "train": -473277.52048032027,
        "val": -899175.9028799648,
        "test": -833156.7491030724
    },
    "time": "0:53:06.005940"
}