{
    "function": "bin.ensemble.main",
    "scores": {
        "train": -573554.017236389,
        "val": -892112.361425398,
        "test": -825950.0702778589
    }
}