{
    "function": "bin.model.main",
    "gpus": [
        "NVIDIA GeForce RTX 2080 Ti",
        "NVIDIA GeForce RTX 2080 Ti",
        "NVIDIA GeForce RTX 2080 Ti"
    ],
    "config": {
        "seed": 9,
        "batch_size": 512,
        "patience": 16,
        "n_epochs": -1,
        "gradient_clipping_norm": 1.0,
        "amp": true,
        "data": {
            "cache": true,
            "path": "/home/dxlab/data/dxlab/jupyter/seungtae/tabm/SEUNGTAE/korea_undersample_tabm/dataset",
            "num_policy": "noisy-quantile",
            "cat_policy": "ordinal"
        },
        "optimizer": {
            "type": "AdamW",
            "lr": 0.0008349259297406521,
            "weight_decay": 0.0
        },
        "model": {
            "arch_type": "tabm",
            "k": 32,
            "share_training_batches": false,
            "backbone": {
                "type": "MLP",
                "n_blocks": 3,
                "d_block": 272,
                "dropout": 0.360863070008947
            }
        }
    },
    "n_parameters": 247616,
    "prediction_type": "labels",
    "epoch_size": 18,
    "best_step": 3654,
    "metrics": {
        "train": {
            "rmse": 53034.495038606714,
            "mae": 36124.56640625,
            "r2": 0.7515173114528378,
            "score": -53034.495038606714
        },
        "val": {
            "rmse": 64791.51154279394,
            "mae": 43443.9921875,
            "r2": 0.6216110065897857,
            "score": -64791.51154279394
        },
        "test": {
            "rmse": 65498.6827348459,
            "mae": 43561.66015625,
            "r2": 0.6246095718625906,
            "score": -65498.6827348459
        }
    },
    "time": "0:00:29.877456",
    "chunk_size": null,
    "eval_batch_size": 32768
}