{
    "function": "bin.model.main",
    "gpus": [
        "NVIDIA GeForce RTX 2080 Ti",
        "NVIDIA GeForce RTX 2080 Ti",
        "NVIDIA GeForce RTX 2080 Ti"
    ],
    "n_parameters": 247616,
    "scores": {
        "train": -53034.495038606714,
        "val": -64791.51154279394,
        "test": -65498.6827348459
    },
    "time": "0:00:29.877456"
}