{
    "function": "bin.model.main",
    "gpus": [
        "NVIDIA GeForce RTX 2080 Ti",
        "NVIDIA GeForce RTX 2080 Ti",
        "NVIDIA GeForce RTX 2080 Ti"
    ],
    "config": {
        "seed": 7,
        "batch_size": 256,
        "patience": 16,
        "n_epochs": -1,
        "gradient_clipping_norm": 1.0,
        "amp": true,
        "data": {
            "cache": true,
            "path": "/home/dxlab/data/dxlab/jupyter/seungtae/tabm/SEUNGTAE/korea1.5/dataset",
            "num_policy": "noisy-quantile"
        },
        "optimizer": {
            "type": "AdamW",
            "lr": 0.0003008643713310103,
            "weight_decay": 0.0003585076100054745
        },
        "model": {
            "arch_type": "tabm-mini",
            "k": 32,
            "share_training_batches": false,
            "backbone": {
                "type": "MLP",
                "n_blocks": 5,
                "d_block": 320,
                "dropout": 0.0
            }
        }
    },
    "n_parameters": 451040,
    "prediction_type": "labels",
    "epoch_size": 129,
    "best_step": 7740,
    "metrics": {
        "train": {
            "rmse": 66043.0075632538,
            "mae": 43927.7734375,
            "r2": 0.5241432593269444,
            "score": -66043.0075632538
        },
        "val": {
            "rmse": 72932.1806612143,
            "mae": 48269.46484375,
            "r2": 0.40663767758479963,
            "score": -72932.1806612143
        },
        "test": {
            "rmse": 73215.61888012695,
            "mae": 48444.62890625,
            "r2": 0.3999443533357777,
            "score": -73215.61888012695
        }
    },
    "time": "0:00:53.310800",
    "chunk_size": null,
    "eval_batch_size": 32768,
    "heads": [
        0,
        26,
        30,
        22,
        17,
        25,
        23,
        21,
        6,
        2,
        30,
        26
    ],
    "head_selection_time": "0:00:00.379468"
}