{
    "function": "bin.model.main",
    "gpus": [
        "NVIDIA GeForce RTX 2080 Ti",
        "NVIDIA GeForce RTX 2080 Ti",
        "NVIDIA GeForce RTX 2080 Ti"
    ],
    "config": {
        "seed": 13,
        "batch_size": 256,
        "patience": 16,
        "n_epochs": -1,
        "gradient_clipping_norm": 1.0,
        "amp": true,
        "data": {
            "cache": true,
            "path": "/home/dxlab/data/dxlab/jupyter/seungtae/tabm/SEUNGTAE/korea1.5/dataset",
            "num_policy": "noisy-quantile"
        },
        "optimizer": {
            "type": "AdamW",
            "lr": 0.0003008643713310103,
            "weight_decay": 0.0003585076100054745
        },
        "model": {
            "arch_type": "tabm-mini",
            "k": 32,
            "share_training_batches": false,
            "backbone": {
                "type": "MLP",
                "n_blocks": 5,
                "d_block": 320,
                "dropout": 0.0
            }
        }
    },
    "n_parameters": 451040,
    "prediction_type": "labels",
    "epoch_size": 129,
    "best_step": 7869,
    "metrics": {
        "train": {
            "rmse": 70203.36538941704,
            "mae": 47950.421875,
            "r2": 0.4623020217217142,
            "score": -70203.36538941704
        },
        "val": {
            "rmse": 75201.6714707858,
            "mae": 51280.01953125,
            "r2": 0.369134801079374,
            "score": -75201.6714707858
        },
        "test": {
            "rmse": 75111.42017030432,
            "mae": 51222.15625,
            "r2": 0.36846717301763443,
            "score": -75111.42017030432
        }
    },
    "time": "0:00:54.040746",
    "chunk_size": null,
    "eval_batch_size": 32768,
    "heads": [
        1
    ],
    "head_selection_time": "0:00:00.030230"
}