{
    "function": "bin.model.main",
    "gpus": [
        "NVIDIA A100 80GB PCIe MIG 2g.20gb"
    ],
    "config": {
        "seed": 4,
        "batch_size": 512,
        "patience": 16,
        "n_epochs": -1,
        "gradient_clipping_norm": 1.0,
        "amp": true,
        "data": {
            "cache": true,
            "path": "/home/elicer/tabm/SEUNGTAE/korea_base/dataset",
            "num_policy": "noisy-quantile",
            "cat_policy": "ordinal"
        },
        "optimizer": {
            "type": "AdamW",
            "lr": 0.0011563746902507038,
            "weight_decay": 0.0015827100831528388
        },
        "model": {
            "arch_type": "tabm",
            "k": 32,
            "share_training_batches": false,
            "backbone": {
                "type": "MLP",
                "n_blocks": 4,
                "d_block": 256,
                "dropout": 0.08464895567510722
            }
        }
    },
    "n_parameters": 315104,
    "prediction_type": "labels",
    "epoch_size": 63,
    "best_step": 14679,
    "metrics": {
        "train": {
            "rmse": 36602.39467575858,
            "mae": 23355.8125,
            "r2": 0.8497010582970578,
            "score": -36602.39467575858
        },
        "val": {
            "rmse": 50053.42937302098,
            "mae": 30674.1875,
            "r2": 0.7204573379026773,
            "score": -50053.42937302098
        },
        "test": {
            "rmse": 48957.04304796195,
            "mae": 29636.982421875,
            "r2": 0.7227356465921086,
            "score": -48957.04304796195
        }
    },
    "time": "0:02:22.718633",
    "chunk_size": null,
    "eval_batch_size": 32768,
    "heads": [
        24,
        31,
        27,
        21,
        15,
        13,
        29
    ],
    "head_selection_time": "0:00:00.231228"
}