{
    "function": "bin.model.main",
    "gpus": [
        "NVIDIA GeForce RTX 2080 Ti",
        "NVIDIA GeForce RTX 2080 Ti",
        "NVIDIA GeForce RTX 2080 Ti"
    ],
    "config": {
        "seed": 8,
        "batch_size": 512,
        "patience": 16,
        "n_epochs": -1,
        "gradient_clipping_norm": 1.0,
        "amp": true,
        "data": {
            "cache": true,
            "path": "SEUNGTAE/korea_base_mini/dataset",
            "num_policy": "noisy-quantile",
            "cat_policy": "ordinal"
        },
        "optimizer": {
            "type": "AdamW",
            "lr": 0.001585036863603441,
            "weight_decay": 0.0
        },
        "model": {
            "arch_type": "tabm-mini",
            "k": 32,
            "share_training_batches": false,
            "backbone": {
                "type": "MLP",
                "n_blocks": 4,
                "d_block": 288,
                "dropout": 0.19829332106574343
            }
        }
    },
    "n_parameters": 281632,
    "prediction_type": "labels",
    "epoch_size": 18,
    "best_step": 1098,
    "metrics": {
        "train": {
            "rmse": 51946.54729623519,
            "mae": 35264.76171875,
            "r2": 0.7616074738419514,
            "score": -51946.54729623519
        },
        "val": {
            "rmse": 65428.99271729621,
            "mae": 43633.38671875,
            "r2": 0.6141285470900332,
            "score": -65428.99271729621
        },
        "test": {
            "rmse": 65815.12823052159,
            "mae": 43561.04296875,
            "r2": 0.6209735463008883,
            "score": -65815.12823052159
        }
    },
    "time": "0:00:10.674189",
    "chunk_size": null,
    "eval_batch_size": 32768
}