{
    "function": "bin.model.main",
    "gpus": [
        "NVIDIA GeForce RTX 2080 Ti",
        "NVIDIA GeForce RTX 2080 Ti",
        "NVIDIA GeForce RTX 2080 Ti"
    ],
    "n_parameters": 281632,
    "scores": {
        "train": -51946.54729623519,
        "val": -65428.99271729621,
        "test": -65815.12823052159
    },
    "time": "0:00:10.674189"
}