{
    "function": "bin.model.main",
    "gpus": [
        "NVIDIA GeForce RTX 2080 Ti",
        "NVIDIA GeForce RTX 2080 Ti",
        "NVIDIA GeForce RTX 2080 Ti"
    ],
    "config": {
        "seed": 1,
        "batch_size": 512,
        "patience": 16,
        "n_epochs": -1,
        "gradient_clipping_norm": 1.0,
        "amp": true,
        "data": {
            "cache": true,
            "path": "/home/dxlab/data/dxlab/jupyter/seungtae/tabm/SEUNGTAE/korea_undersample_tabm/dataset",
            "num_policy": "noisy-quantile",
            "cat_policy": "ordinal"
        },
        "optimizer": {
            "type": "AdamW",
            "lr": 0.0008349259297406521,
            "weight_decay": 0.0
        },
        "model": {
            "arch_type": "tabm",
            "k": 32,
            "share_training_batches": false,
            "backbone": {
                "type": "MLP",
                "n_blocks": 3,
                "d_block": 272,
                "dropout": 0.360863070008947
            }
        }
    },
    "n_parameters": 247616,
    "prediction_type": "labels",
    "epoch_size": 18,
    "best_step": 3492,
    "metrics": {
        "train": {
            "rmse": 57898.39376010357,
            "mae": 39621.7265625,
            "r2": 0.7038496550600377,
            "score": -57898.39376010357
        },
        "val": {
            "rmse": 65233.16359030888,
            "mae": 44155.60546875,
            "r2": 0.6164348702562026,
            "score": -65233.16359030888
        },
        "test": {
            "rmse": 66225.23893501631,
            "mae": 44593.01171875,
            "r2": 0.6162352155649515,
            "score": -66225.23893501631
        }
    },
    "time": "0:00:31.687009",
    "chunk_size": null,
    "eval_batch_size": 32768,
    "heads": [
        30
    ],
    "head_selection_time": "0:00:00.023937"
}