{
    "function": "bin.model.main",
    "gpus": [
        "NVIDIA GeForce RTX 2080 Ti",
        "NVIDIA GeForce RTX 2080 Ti",
        "NVIDIA GeForce RTX 2080 Ti"
    ],
    "n_parameters": 281632,
    "scores": {
        "train": -51384.674446764766,
        "val": -65500.60176822806,
        "test": -65761.9386575548
    },
    "time": "0:00:11.763387"
}