{
    "function": "bin.model.main",
    "gpus": [
        "NVIDIA GeForce RTX 2080 Ti",
        "NVIDIA GeForce RTX 2080 Ti",
        "NVIDIA GeForce RTX 2080 Ti"
    ],
    "config": {
        "seed": 5,
        "batch_size": 256,
        "patience": 16,
        "n_epochs": -1,
        "gradient_clipping_norm": 1.0,
        "amp": true,
        "data": {
            "cache": true,
            "path": "/home/dxlab/data/dxlab/jupyter/seungtae/tabm/SEUNGTAE/korea1.5/dataset",
            "num_policy": "noisy-quantile"
        },
        "optimizer": {
            "type": "AdamW",
            "lr": 0.0003008643713310103,
            "weight_decay": 0.0003585076100054745
        },
        "model": {
            "arch_type": "tabm-mini",
            "k": 32,
            "share_training_batches": false,
            "backbone": {
                "type": "MLP",
                "n_blocks": 5,
                "d_block": 320,
                "dropout": 0.0
            }
        }
    },
    "n_parameters": 451040,
    "prediction_type": "labels",
    "epoch_size": 129,
    "best_step": 7482,
    "metrics": {
        "train": {
            "rmse": 67742.12940261031,
            "mae": 45730.10546875,
            "r2": 0.4993430771998175,
            "score": -67742.12940261031
        },
        "val": {
            "rmse": 73004.505723962,
            "mae": 49148.48828125,
            "r2": 0.4054602360161935,
            "score": -73004.505723962
        },
        "test": {
            "rmse": 73242.98803298511,
            "mae": 49252.22265625,
            "r2": 0.3994956978627877,
            "score": -73242.98803298511
        }
    },
    "time": "0:00:52.064287",
    "chunk_size": null,
    "eval_batch_size": 32768,
    "heads": [
        24,
        17,
        3,
        23,
        21,
        6,
        20,
        16,
        11,
        17,
        25
    ],
    "head_selection_time": "0:00:00.335527"
}