{
    "function": "bin.model.main",
    "gpus": [
        "NVIDIA GeForce RTX 2080 Ti",
        "NVIDIA GeForce RTX 2080 Ti",
        "NVIDIA GeForce RTX 2080 Ti"
    ],
    "config": {
        "seed": 8,
        "batch_size": 512,
        "patience": 16,
        "n_epochs": -1,
        "gradient_clipping_norm": 1.0,
        "amp": true,
        "data": {
            "cache": true,
            "path": "/home/dxlab/data/dxlab/jupyter/seungtae/tabm/SEUNGTAE/korea_undersample_tabm/dataset",
            "num_policy": "noisy-quantile",
            "cat_policy": "ordinal"
        },
        "optimizer": {
            "type": "AdamW",
            "lr": 0.0008349259297406521,
            "weight_decay": 0.0
        },
        "model": {
            "arch_type": "tabm",
            "k": 32,
            "share_training_batches": false,
            "backbone": {
                "type": "MLP",
                "n_blocks": 3,
                "d_block": 272,
                "dropout": 0.360863070008947
            }
        }
    },
    "n_parameters": 247616,
    "prediction_type": "labels",
    "epoch_size": 18,
    "best_step": 3096,
    "metrics": {
        "train": {
            "rmse": 54726.93757191242,
            "mae": 37289.48828125,
            "r2": 0.7354050618470489,
            "score": -54726.93757191242
        },
        "val": {
            "rmse": 64451.84099775584,
            "mae": 43469.13671875,
            "r2": 0.6255680465696835,
            "score": -64451.84099775584
        },
        "test": {
            "rmse": 65483.63337506556,
            "mae": 43662.02734375,
            "r2": 0.6247820657369182,
            "score": -65483.63337506556
        }
    },
    "time": "0:00:24.823494",
    "chunk_size": null,
    "eval_batch_size": 32768,
    "heads": [
        28,
        9,
        19,
        11,
        27
    ],
    "head_selection_time": "0:00:00.151600"
}