{
    "function": "bin.model.main",
    "gpus": [
        "NVIDIA GeForce RTX 2080 Ti",
        "NVIDIA GeForce RTX 2080 Ti",
        "NVIDIA GeForce RTX 2080 Ti"
    ],
    "n_parameters": 287840,
    "scores": {
        "train": -672222.1225279631,
        "val": -910025.1257718108,
        "test": -830702.2888712899
    },
    "time": "0:26:24.809785"
}