{
    "function": "bin.model.main",
    "gpus": [
        "NVIDIA GeForce RTX 2080 Ti",
        "NVIDIA GeForce RTX 2080 Ti",
        "NVIDIA GeForce RTX 2080 Ti"
    ],
    "config": {
        "seed": 8,
        "batch_size": 256,
        "patience": 16,
        "n_epochs": -1,
        "gradient_clipping_norm": 1.0,
        "amp": true,
        "data": {
            "cache": true,
            "path": "/home/dxlab/data/dxlab/jupyter/seungtae/tabm/SEUNGTAE/korea1.5/dataset",
            "num_policy": "noisy-quantile"
        },
        "optimizer": {
            "type": "AdamW",
            "lr": 0.0003008643713310103,
            "weight_decay": 0.0003585076100054745
        },
        "model": {
            "arch_type": "tabm-mini",
            "k": 32,
            "share_training_batches": false,
            "backbone": {
                "type": "MLP",
                "n_blocks": 5,
                "d_block": 320,
                "dropout": 0.0
            }
        }
    },
    "n_parameters": 451040,
    "prediction_type": "labels",
    "epoch_size": 129,
    "best_step": 10320,
    "metrics": {
        "train": {
            "rmse": 69663.14009574933,
            "mae": 46182.42578125,
            "r2": 0.4705454825021269,
            "score": -69663.14009574933
        },
        "val": {
            "rmse": 74661.14341476427,
            "mae": 49272.67578125,
            "r2": 0.3781712132858164,
            "score": -74661.14341476427
        },
        "test": {
            "rmse": 75104.85555541665,
            "mae": 49486.74609375,
            "r2": 0.36857750523021127,
            "score": -75104.85555541665
        }
    },
    "time": "0:01:07.590897",
    "chunk_size": null,
    "eval_batch_size": 32768,
    "heads": [
        12
    ],
    "head_selection_time": "0:00:00.038433"
}