{
    "function": "bin.model.main",
    "gpus": [
        "NVIDIA GeForce RTX 2080 Ti",
        "NVIDIA GeForce RTX 2080 Ti",
        "NVIDIA GeForce RTX 2080 Ti"
    ],
    "config": {
        "seed": 13,
        "batch_size": 512,
        "patience": 16,
        "n_epochs": -1,
        "gradient_clipping_norm": 1.0,
        "amp": true,
        "data": {
            "cache": true,
            "path": "SEUNGTAE/korea_base_mini/dataset",
            "num_policy": "noisy-quantile",
            "cat_policy": "ordinal"
        },
        "optimizer": {
            "type": "AdamW",
            "lr": 0.001585036863603441,
            "weight_decay": 0.0
        },
        "model": {
            "arch_type": "tabm-mini",
            "k": 32,
            "share_training_batches": false,
            "backbone": {
                "type": "MLP",
                "n_blocks": 4,
                "d_block": 288,
                "dropout": 0.19829332106574343
            }
        }
    },
    "n_parameters": 281632,
    "prediction_type": "labels",
    "epoch_size": 18,
    "best_step": 1170,
    "metrics": {
        "train": {
            "rmse": 55529.80432164334,
            "mae": 39072.79296875,
            "r2": 0.7275846774542174,
            "score": -55529.80432164334
        },
        "val": {
            "rmse": 66152.06143424405,
            "mae": 45933.7109375,
            "r2": 0.6055527270812842,
            "score": -66152.06143424405
        },
        "test": {
            "rmse": 67210.04496353205,
            "mae": 46219.88671875,
            "r2": 0.6047367596985154,
            "score": -67210.04496353205
        }
    },
    "time": "0:00:11.118982",
    "chunk_size": null,
    "eval_batch_size": 32768,
    "heads": [
        3
    ],
    "head_selection_time": "0:00:00.023734"
}