{
    "function": "bin.model.main",
    "gpus": [
        "NVIDIA GeForce RTX 2080 Ti",
        "NVIDIA GeForce RTX 2080 Ti",
        "NVIDIA GeForce RTX 2080 Ti"
    ],
    "config": {
        "seed": 13,
        "batch_size": 256,
        "patience": 16,
        "n_epochs": -1,
        "gradient_clipping_norm": 1.0,
        "amp": true,
        "data": {
            "cache": true,
            "path": "/home/dxlab/data/dxlab/jupyter/seungtae/tabm/exp/tabm/korea/dataset",
            "num_policy": "noisy-quantile"
        },
        "optimizer": {
            "type": "AdamW",
            "lr": 0.00011184538628817076,
            "weight_decay": 0.0010913099057351175
        },
        "model": {
            "arch_type": "tabm",
            "k": 32,
            "share_training_batches": false,
            "backbone": {
                "type": "MLP",
                "n_blocks": 4,
                "d_block": 240,
                "dropout": 0.0
            }
        }
    },
    "n_parameters": 287840,
    "prediction_type": "labels",
    "epoch_size": 147,
    "best_step": 19845,
    "metrics": {
        "train": {
            "rmse": 441757.7086503415,
            "mae": 183553.921875,
            "r2": 0.8649384352607379,
            "score": -441757.7086503415
        },
        "val": {
            "rmse": 880230.8258723958,
            "mae": 242163.921875,
            "r2": 0.39183023018247065,
            "score": -880230.8258723958
        },
        "test": {
            "rmse": 820616.5752164648,
            "mae": 231698.890625,
            "r2": 0.32547185394634925,
            "score": -820616.5752164648
        }
    },
    "time": "1:01:42.565026",
    "chunk_size": null,
    "eval_batch_size": 32768
}