{
    "function": "bin.model.main",
    "gpus": [
        "NVIDIA GeForce RTX 2080 Ti",
        "NVIDIA GeForce RTX 2080 Ti",
        "NVIDIA GeForce RTX 2080 Ti"
    ],
    "n_parameters": 287840,
    "scores": {
        "train": -441757.7086503415,
        "val": -880230.8258723958,
        "test": -820616.5752164648
    },
    "time": "1:01:42.565026"
}