{
    "function": "bin.model.main",
    "gpus": [
        "NVIDIA GeForce RTX 2080 Ti",
        "NVIDIA GeForce RTX 2080 Ti",
        "NVIDIA GeForce RTX 2080 Ti"
    ],
    "config": {
        "seed": 12,
        "batch_size": 512,
        "patience": 16,
        "n_epochs": -1,
        "gradient_clipping_norm": 1.0,
        "amp": true,
        "data": {
            "cache": true,
            "path": "SEUNGTAE/korea_base_mini/dataset",
            "num_policy": "noisy-quantile",
            "cat_policy": "ordinal"
        },
        "optimizer": {
            "type": "AdamW",
            "lr": 0.001585036863603441,
            "weight_decay": 0.0
        },
        "model": {
            "arch_type": "tabm-mini",
            "k": 32,
            "share_training_batches": false,
            "backbone": {
                "type": "MLP",
                "n_blocks": 4,
                "d_block": 288,
                "dropout": 0.19829332106574343
            }
        }
    },
    "n_parameters": 281632,
    "prediction_type": "labels",
    "epoch_size": 18,
    "best_step": 1134,
    "metrics": {
        "train": {
            "rmse": 54907.88562674764,
            "mae": 37657.6640625,
            "r2": 0.7336524740776043,
            "score": -54907.88562674764
        },
        "val": {
            "rmse": 66076.74568257731,
            "mae": 44668.4765625,
            "r2": 0.6064503460574284,
            "score": -66076.74568257731
        },
        "test": {
            "rmse": 67221.87453500535,
            "mae": 44866.6953125,
            "r2": 0.604597638380448,
            "score": -67221.87453500535
        }
    },
    "time": "0:00:10.863189",
    "chunk_size": null,
    "eval_batch_size": 32768,
    "heads": [
        20
    ],
    "head_selection_time": "0:00:00.025061"
}