{
    "function": "bin.model.main",
    "gpus": [
        "NVIDIA GeForce RTX 2080 Ti",
        "NVIDIA GeForce RTX 2080 Ti",
        "NVIDIA GeForce RTX 2080 Ti"
    ],
    "config": {
        "seed": 7,
        "batch_size": 512,
        "patience": 16,
        "n_epochs": -1,
        "gradient_clipping_norm": 1.0,
        "amp": true,
        "data": {
            "cache": true,
            "path": "/home/dxlab/data/dxlab/jupyter/seungtae/tabm/SEUNGTAE/korea_undersample_tabm/dataset",
            "num_policy": "noisy-quantile",
            "cat_policy": "ordinal"
        },
        "optimizer": {
            "type": "AdamW",
            "lr": 0.0008349259297406521,
            "weight_decay": 0.0
        },
        "model": {
            "arch_type": "tabm",
            "k": 32,
            "share_training_batches": false,
            "backbone": {
                "type": "MLP",
                "n_blocks": 3,
                "d_block": 272,
                "dropout": 0.360863070008947
            }
        }
    },
    "n_parameters": 247616,
    "prediction_type": "labels",
    "epoch_size": 18,
    "best_step": 3492,
    "metrics": {
        "train": {
            "rmse": 52864.20581073738,
            "mae": 36062.23046875,
            "r2": 0.7531105121256141,
            "score": -52864.20581073738
        },
        "val": {
            "rmse": 65063.71621725891,
            "mae": 43704.47265625,
            "r2": 0.6184249413383572,
            "score": -65063.71621725891
        },
        "test": {
            "rmse": 66280.33168293592,
            "mae": 44170.15234375,
            "r2": 0.6155964699364407,
            "score": -66280.33168293592
        }
    },
    "time": "0:00:27.618027",
    "chunk_size": null,
    "eval_batch_size": 32768,
    "heads": [
        2
    ],
    "head_selection_time": "0:00:00.029049"
}