{
    "function": "bin.model.main",
    "gpus": [
        "NVIDIA GeForce RTX 2080 Ti",
        "NVIDIA GeForce RTX 2080 Ti",
        "NVIDIA GeForce RTX 2080 Ti"
    ],
    "config": {
        "seed": 10,
        "batch_size": 256,
        "patience": 16,
        "n_epochs": -1,
        "gradient_clipping_norm": 1.0,
        "amp": true,
        "data": {
            "cache": true,
            "path": "/home/dxlab/data/dxlab/jupyter/seungtae/tabm/SEUNGTAE/korea1.5/dataset",
            "num_policy": "noisy-quantile"
        },
        "optimizer": {
            "type": "AdamW",
            "lr": 0.0003008643713310103,
            "weight_decay": 0.0003585076100054745
        },
        "model": {
            "arch_type": "tabm-mini",
            "k": 32,
            "share_training_batches": false,
            "backbone": {
                "type": "MLP",
                "n_blocks": 5,
                "d_block": 320,
                "dropout": 0.0
            }
        }
    },
    "n_parameters": 451040,
    "prediction_type": "labels",
    "epoch_size": 129,
    "best_step": 7095,
    "metrics": {
        "train": {
            "rmse": 64549.33046902966,
            "mae": 43204.578125,
            "r2": 0.5454245186097332,
            "score": -64549.33046902966
        },
        "val": {
            "rmse": 73631.97913950161,
            "mae": 48979.93359375,
            "r2": 0.39519612243568836,
            "score": -73631.97913950161
        },
        "test": {
            "rmse": 73687.40549103354,
            "mae": 48957.2890625,
            "r2": 0.3921861336473208,
            "score": -73687.40549103354
        }
    },
    "time": "0:00:50.047175",
    "chunk_size": null,
    "eval_batch_size": 32768
}