{
    "function": "bin.model.main",
    "gpus": [
        "NVIDIA GeForce RTX 2080 Ti",
        "NVIDIA GeForce RTX 2080 Ti",
        "NVIDIA GeForce RTX 2080 Ti"
    ],
    "n_parameters": 451040,
    "scores": {
        "train": -64549.33046902966,
        "val": -73631.97913950161,
        "test": -73687.40549103354
    },
    "time": "0:00:50.047175"
}