{
    "function": "bin.model.main",
    "gpus": [
        "NVIDIA GeForce RTX 2080 Ti",
        "NVIDIA GeForce RTX 2080 Ti",
        "NVIDIA GeForce RTX 2080 Ti"
    ],
    "config": {
        "seed": 11,
        "batch_size": 512,
        "patience": 16,
        "n_epochs": -1,
        "gradient_clipping_norm": 1.0,
        "amp": true,
        "data": {
            "cache": true,
            "path": "SEUNGTAE/korea_base_mini/dataset",
            "num_policy": "noisy-quantile",
            "cat_policy": "ordinal"
        },
        "optimizer": {
            "type": "AdamW",
            "lr": 0.001585036863603441,
            "weight_decay": 0.0
        },
        "model": {
            "arch_type": "tabm-mini",
            "k": 32,
            "share_training_batches": false,
            "backbone": {
                "type": "MLP",
                "n_blocks": 4,
                "d_block": 288,
                "dropout": 0.19829332106574343
            }
        }
    },
    "n_parameters": 281632,
    "prediction_type": "labels",
    "epoch_size": 18,
    "best_step": 1188,
    "metrics": {
        "train": {
            "rmse": 52252.516724077504,
            "mae": 35690.140625,
            "r2": 0.7587909212231111,
            "score": -52252.516724077504
        },
        "val": {
            "rmse": 64720.19184149565,
            "mae": 43557.28125,
            "r2": 0.6224435778749307,
            "score": -64720.19184149565
        },
        "test": {
            "rmse": 65263.32532134721,
            "mae": 43383.578125,
            "r2": 0.6273024832697297,
            "score": -65263.32532134721
        }
    },
    "time": "0:00:11.257920",
    "chunk_size": null,
    "eval_batch_size": 32768,
    "heads": [
        22,
        17,
        24,
        15,
        19,
        11
    ],
    "head_selection_time": "0:00:00.168111"
}