{
    "function": "bin.model.main",
    "gpus": [
        "NVIDIA GeForce RTX 2080 Ti",
        "NVIDIA GeForce RTX 2080 Ti",
        "NVIDIA GeForce RTX 2080 Ti"
    ],
    "config": {
        "seed": 10,
        "batch_size": 512,
        "patience": 16,
        "n_epochs": -1,
        "gradient_clipping_norm": 1.0,
        "amp": true,
        "data": {
            "cache": true,
            "path": "SEUNGTAE/korea_base_mini/dataset",
            "num_policy": "noisy-quantile",
            "cat_policy": "ordinal"
        },
        "optimizer": {
            "type": "AdamW",
            "lr": 0.001585036863603441,
            "weight_decay": 0.0
        },
        "model": {
            "arch_type": "tabm-mini",
            "k": 32,
            "share_training_batches": false,
            "backbone": {
                "type": "MLP",
                "n_blocks": 4,
                "d_block": 288,
                "dropout": 0.19829332106574343
            }
        }
    },
    "n_parameters": 281632,
    "prediction_type": "labels",
    "epoch_size": 18,
    "best_step": 936,
    "metrics": {
        "train": {
            "rmse": 54892.32048292366,
            "mae": 38865.94921875,
            "r2": 0.7338034502078348,
            "score": -54892.32048292366
        },
        "val": {
            "rmse": 66879.92344493225,
            "mae": 46717.921875,
            "r2": 0.5968248484060076,
            "score": -66879.92344493225
        },
        "test": {
            "rmse": 67820.61609864658,
            "mae": 46516.21484375,
            "r2": 0.5975225631075951,
            "score": -67820.61609864658
        }
    },
    "time": "0:00:09.389183",
    "chunk_size": null,
    "eval_batch_size": 32768,
    "heads": [
        3
    ],
    "head_selection_time": "0:00:00.024652"
}