{
    "function": "bin.ensemble.main",
    "scores": {
        "train": -63464.051934934,
        "val": -73360.85670164983,
        "test": -73307.06574403316
    }
}