{
    "function": "bin.model.main",
    "gpus": [
        "NVIDIA GeForce RTX 2080 Ti",
        "NVIDIA GeForce RTX 2080 Ti",
        "NVIDIA GeForce RTX 2080 Ti"
    ],
    "config": {
        "seed": 14,
        "batch_size": 512,
        "patience": 16,
        "n_epochs": -1,
        "gradient_clipping_norm": 1.0,
        "amp": true,
        "data": {
            "cache": true,
            "path": "/home/dxlab/data/dxlab/jupyter/seungtae/tabm/SEUNGTAE/korea_undersample_tabm/dataset",
            "num_policy": "noisy-quantile",
            "cat_policy": "ordinal"
        },
        "optimizer": {
            "type": "AdamW",
            "lr": 0.0008349259297406521,
            "weight_decay": 0.0
        },
        "model": {
            "arch_type": "tabm",
            "k": 32,
            "share_training_batches": false,
            "backbone": {
                "type": "MLP",
                "n_blocks": 3,
                "d_block": 272,
                "dropout": 0.360863070008947
            }
        }
    },
    "n_parameters": 247616,
    "prediction_type": "labels",
    "epoch_size": 18,
    "best_step": 2844,
    "metrics": {
        "train": {
            "rmse": 53882.7123296517,
            "mae": 36703.0625,
            "r2": 0.7435054417466314,
            "score": -53882.7123296517
        },
        "val": {
            "rmse": 64289.68838001939,
            "mae": 43341.87109375,
            "r2": 0.627449768158993,
            "score": -64289.68838001939
        },
        "test": {
            "rmse": 65464.830496992814,
            "mae": 43608.78125,
            "r2": 0.624997513470259,
            "score": -65464.830496992814
        }
    },
    "time": "0:00:23.184115",
    "chunk_size": null,
    "eval_batch_size": 32768,
    "heads": [
        3,
        0,
        15,
        13,
        6,
        12
    ],
    "head_selection_time": "0:00:00.172812"
}