{
    "function": "bin.model.main",
    "gpus": [
        "NVIDIA GeForce RTX 2080 Ti",
        "NVIDIA GeForce RTX 2080 Ti",
        "NVIDIA GeForce RTX 2080 Ti"
    ],
    "config": {
        "seed": 2,
        "batch_size": 512,
        "patience": 16,
        "n_epochs": -1,
        "gradient_clipping_norm": 1.0,
        "amp": true,
        "data": {
            "cache": true,
            "path": "/home/dxlab/data/dxlab/jupyter/seungtae/tabm/SEUNGTAE/korea_undersample_tabm/dataset",
            "num_policy": "noisy-quantile",
            "cat_policy": "ordinal"
        },
        "optimizer": {
            "type": "AdamW",
            "lr": 0.0008349259297406521,
            "weight_decay": 0.0
        },
        "model": {
            "arch_type": "tabm",
            "k": 32,
            "share_training_batches": false,
            "backbone": {
                "type": "MLP",
                "n_blocks": 3,
                "d_block": 272,
                "dropout": 0.360863070008947
            }
        }
    },
    "n_parameters": 247616,
    "prediction_type": "labels",
    "epoch_size": 18,
    "best_step": 3636,
    "metrics": {
        "train": {
            "rmse": 53262.88493876388,
            "mae": 36151.65234375,
            "r2": 0.7493725840288481,
            "score": -53262.88493876388
        },
        "val": {
            "rmse": 65003.78228995602,
            "mae": 43629.84765625,
            "r2": 0.6191276160116426,
            "score": -65003.78228995602
        },
        "test": {
            "rmse": 65479.28405228634,
            "mae": 43472.1953125,
            "r2": 0.6248318687274371,
            "score": -65479.28405228634
        }
    },
    "time": "0:00:29.054363",
    "chunk_size": null,
    "eval_batch_size": 32768
}