{
    "function": "bin.model.main",
    "gpus": [
        "NVIDIA GeForce RTX 2080 Ti",
        "NVIDIA GeForce RTX 2080 Ti",
        "NVIDIA GeForce RTX 2080 Ti"
    ],
    "n_parameters": 247616,
    "scores": {
        "train": -53262.88493876388,
        "val": -65003.78228995602,
        "test": -65479.28405228634
    },
    "time": "0:00:29.054363"
}