{
    "function": "bin.model.main",
    "gpus": [
        "NVIDIA GeForce RTX 2080 Ti",
        "NVIDIA GeForce RTX 2080 Ti",
        "NVIDIA GeForce RTX 2080 Ti"
    ],
    "config": {
        "seed": 0,
        "batch_size": 256,
        "patience": 16,
        "n_epochs": -1,
        "gradient_clipping_norm": 1.0,
        "amp": true,
        "data": {
            "cache": true,
            "path": "/home/dxlab/data/dxlab/jupyter/seungtae/tabm/exp/tabm/korea/dataset",
            "num_policy": "noisy-quantile"
        },
        "optimizer": {
            "type": "AdamW",
            "lr": 0.00011184538628817076,
            "weight_decay": 0.0010913099057351175
        },
        "model": {
            "arch_type": "tabm",
            "k": 32,
            "share_training_batches": false,
            "backbone": {
                "type": "MLP",
                "n_blocks": 4,
                "d_block": 240,
                "dropout": 0.0
            }
        }
    },
    "n_parameters": 287840,
    "prediction_type": "labels",
    "epoch_size": 147,
    "best_step": 20433,
    "metrics": {
        "train": {
            "rmse": 472714.3979360053,
            "mae": 187334.625,
            "r2": 0.8453459928697263,
            "score": -472714.3979360053
        },
        "val": {
            "rmse": 801682.5059336146,
            "mae": 236703.796875,
            "r2": 0.49552874336281527,
            "score": -801682.5059336146
        },
        "test": {
            "rmse": 862191.9618460845,
            "mae": 230094.421875,
            "r2": 0.25539237276335225,
            "score": -862191.9618460845
        }
    },
    "time": "1:03:58.114124",
    "chunk_size": null,
    "eval_batch_size": 32768,
    "heads": [
        30,
        28,
        18
    ],
    "head_selection_time": "0:00:00.116067"
}