{
    "function": "bin.model.main",
    "gpus": [
        "NVIDIA GeForce RTX 2080 Ti",
        "NVIDIA GeForce RTX 2080 Ti",
        "NVIDIA GeForce RTX 2080 Ti"
    ],
    "config": {
        "seed": 10,
        "batch_size": 512,
        "patience": 16,
        "n_epochs": -1,
        "gradient_clipping_norm": 1.0,
        "amp": true,
        "data": {
            "cache": true,
            "path": "SEUNGTAE/korea_base_mini/dataset",
            "num_policy": "noisy-quantile",
            "cat_policy": "ordinal"
        },
        "optimizer": {
            "type": "AdamW",
            "lr": 0.001585036863603441,
            "weight_decay": 0.0
        },
        "model": {
            "arch_type": "tabm-mini",
            "k": 32,
            "share_training_batches": false,
            "backbone": {
                "type": "MLP",
                "n_blocks": 4,
                "d_block": 288,
                "dropout": 0.19829332106574343
            }
        }
    },
    "n_parameters": 281632,
    "prediction_type": "labels",
    "epoch_size": 18,
    "best_step": 936,
    "metrics": {
        "train": {
            "rmse": 53533.716627934584,
            "mae": 36829.89453125,
            "r2": 0.7468172778199995,
            "score": -53533.716627934584
        },
        "val": {
            "rmse": 65455.62258507668,
            "mae": 44356.078125,
            "r2": 0.6138143131697833,
            "score": -65455.62258507668
        },
        "test": {
            "rmse": 66174.56864989753,
            "mae": 44353.77734375,
            "r2": 0.6168222302049114,
            "score": -66174.56864989753
        }
    },
    "time": "0:00:09.389183",
    "chunk_size": null,
    "eval_batch_size": 32768,
    "heads": [
        3,
        13,
        6,
        2,
        27,
        26,
        7,
        22,
        6,
        11,
        16
    ],
    "head_selection_time": "0:00:00.290101"
}