{
    "function": "bin.model.main",
    "gpus": [
        "NVIDIA GeForce RTX 2080 Ti",
        "NVIDIA GeForce RTX 2080 Ti",
        "NVIDIA GeForce RTX 2080 Ti"
    ],
    "config": {
        "seed": 5,
        "batch_size": 512,
        "patience": 16,
        "n_epochs": -1,
        "gradient_clipping_norm": 1.0,
        "amp": true,
        "data": {
            "cache": true,
            "path": "SEUNGTAE/korea_base_mini/dataset",
            "num_policy": "noisy-quantile",
            "cat_policy": "ordinal"
        },
        "optimizer": {
            "type": "AdamW",
            "lr": 0.001585036863603441,
            "weight_decay": 0.0
        },
        "model": {
            "arch_type": "tabm-mini",
            "k": 32,
            "share_training_batches": false,
            "backbone": {
                "type": "MLP",
                "n_blocks": 4,
                "d_block": 288,
                "dropout": 0.19829332106574343
            }
        }
    },
    "n_parameters": 281632,
    "prediction_type": "labels",
    "epoch_size": 18,
    "best_step": 882,
    "metrics": {
        "train": {
            "rmse": 53402.784646495726,
            "mae": 36311.4453125,
            "r2": 0.7480542524743097,
            "score": -53402.784646495726
        },
        "val": {
            "rmse": 65628.16956155337,
            "mae": 43959.97265625,
            "r2": 0.6117756321285182,
            "score": -65628.16956155337
        },
        "test": {
            "rmse": 66195.76107274543,
            "mae": 43868.7421875,
            "r2": 0.6165767607715689,
            "score": -66195.76107274543
        }
    },
    "time": "0:00:09.116660",
    "chunk_size": null,
    "eval_batch_size": 32768
}