{
    "function": "bin.model.main",
    "gpus": [
        "NVIDIA GeForce RTX 2080 Ti",
        "NVIDIA GeForce RTX 2080 Ti",
        "NVIDIA GeForce RTX 2080 Ti"
    ],
    "config": {
        "seed": 9,
        "batch_size": 256,
        "patience": 16,
        "n_epochs": -1,
        "gradient_clipping_norm": 1.0,
        "amp": true,
        "data": {
            "cache": true,
            "path": "/home/dxlab/data/dxlab/jupyter/seungtae/tabm/exp/tabm/korea/dataset",
            "num_policy": "noisy-quantile"
        },
        "optimizer": {
            "type": "AdamW",
            "lr": 0.00011184538628817076,
            "weight_decay": 0.0010913099057351175
        },
        "model": {
            "arch_type": "tabm",
            "k": 32,
            "share_training_batches": false,
            "backbone": {
                "type": "MLP",
                "n_blocks": 4,
                "d_block": 240,
                "dropout": 0.0
            }
        }
    },
    "n_parameters": 287840,
    "prediction_type": "labels",
    "epoch_size": 147,
    "best_step": 8967,
    "metrics": {
        "train": {
            "rmse": 523277.98024377064,
            "mae": 207342.90625,
            "r2": 0.8104916244330763,
            "score": -523277.98024377064
        },
        "val": {
            "rmse": 859081.3045759988,
            "mae": 249213.421875,
            "r2": 0.42070449961302214,
            "score": -859081.3045759988
        },
        "test": {
            "rmse": 844767.9218152167,
            "mae": 240688.09375,
            "r2": 0.28518380817573497,
            "score": -844767.9218152167
        }
    },
    "time": "0:31:42.423585",
    "chunk_size": null,
    "eval_batch_size": 32768,
    "heads": [
        11,
        14,
        27,
        22,
        28
    ],
    "head_selection_time": "0:00:00.169438"
}