{
    "function": "bin.model.main",
    "gpus": [
        "NVIDIA GeForce RTX 2080 Ti",
        "NVIDIA GeForce RTX 2080 Ti",
        "NVIDIA GeForce RTX 2080 Ti"
    ],
    "config": {
        "seed": 6,
        "batch_size": 512,
        "patience": 16,
        "n_epochs": -1,
        "gradient_clipping_norm": 1.0,
        "amp": true,
        "data": {
            "cache": true,
            "path": "SEUNGTAE/korea_base_mini/dataset",
            "num_policy": "noisy-quantile",
            "cat_policy": "ordinal"
        },
        "optimizer": {
            "type": "AdamW",
            "lr": 0.001585036863603441,
            "weight_decay": 0.0
        },
        "model": {
            "arch_type": "tabm-mini",
            "k": 32,
            "share_training_batches": false,
            "backbone": {
                "type": "MLP",
                "n_blocks": 4,
                "d_block": 288,
                "dropout": 0.19829332106574343
            }
        }
    },
    "n_parameters": 281632,
    "prediction_type": "labels",
    "epoch_size": 18,
    "best_step": 1206,
    "metrics": {
        "train": {
            "rmse": 51152.9383711239,
            "mae": 34699.25390625,
            "r2": 0.7688359119365646,
            "score": -51152.9383711239
        },
        "val": {
            "rmse": 65633.14674766097,
            "mae": 43734.453125,
            "r2": 0.6117167111086379,
            "score": -65633.14674766097
        },
        "test": {
            "rmse": 65686.09764630564,
            "mae": 43438.76171875,
            "r2": 0.6224582670717749,
            "score": -65686.09764630564
        }
    },
    "time": "0:00:11.447659",
    "chunk_size": null,
    "eval_batch_size": 32768
}