{
    "function": "bin.model.main",
    "gpus": [
        "NVIDIA GeForce RTX 2080 Ti",
        "NVIDIA GeForce RTX 2080 Ti",
        "NVIDIA GeForce RTX 2080 Ti"
    ],
    "n_parameters": 281632,
    "scores": {
        "train": -51152.9383711239,
        "val": -65633.14674766097,
        "test": -65686.09764630564
    },
    "time": "0:00:11.447659"
}