{
    "function": "bin.model.main",
    "gpus": [
        "NVIDIA GeForce RTX 2080 Ti",
        "NVIDIA GeForce RTX 2080 Ti",
        "NVIDIA GeForce RTX 2080 Ti"
    ],
    "config": {
        "seed": 14,
        "batch_size": 512,
        "patience": 16,
        "n_epochs": -1,
        "gradient_clipping_norm": 1.0,
        "amp": true,
        "data": {
            "cache": true,
            "path": "/home/dxlab/data/dxlab/jupyter/seungtae/tabm/SEUNGTAE/korea_undersample/dataset",
            "num_policy": "noisy-quantile",
            "cat_policy": "ordinal"
        },
        "optimizer": {
            "type": "AdamW",
            "lr": 0.001585036863603441,
            "weight_decay": 0.0
        },
        "model": {
            "arch_type": "tabm-mini",
            "k": 32,
            "share_training_batches": false,
            "backbone": {
                "type": "MLP",
                "n_blocks": 4,
                "d_block": 288,
                "dropout": 0.19829332106574343
            }
        }
    },
    "n_parameters": 281632,
    "prediction_type": "labels",
    "epoch_size": 18,
    "best_step": 1386,
    "metrics": {
        "train": {
            "rmse": 50101.27599173498,
            "mae": 33933.99609375,
            "r2": 0.7782432652556819,
            "score": -50101.27599173498
        },
        "val": {
            "rmse": 65164.743350986966,
            "mae": 43368.88671875,
            "r2": 0.6172390375327492,
            "score": -65164.743350986966
        },
        "test": {
            "rmse": 65191.41833094292,
            "mae": 43092.0703125,
            "r2": 0.6281233388841648,
            "score": -65191.41833094292
        }
    },
    "time": "0:00:12.912242",
    "chunk_size": null,
    "eval_batch_size": 32768
}