{
    "function": "bin.model.main",
    "gpus": [
        "NVIDIA A100 80GB PCIe MIG 2g.20gb"
    ],
    "config": {
        "seed": 14,
        "batch_size": 512,
        "patience": 16,
        "n_epochs": -1,
        "gradient_clipping_norm": 1.0,
        "amp": true,
        "data": {
            "cache": true,
            "path": "/home/elicer/tabm/SEUNGTAE/korea_base/dataset",
            "num_policy": "noisy-quantile",
            "cat_policy": "ordinal"
        },
        "optimizer": {
            "type": "AdamW",
            "lr": 0.0011563746902507038,
            "weight_decay": 0.0015827100831528388
        },
        "model": {
            "arch_type": "tabm",
            "k": 32,
            "share_training_batches": false,
            "backbone": {
                "type": "MLP",
                "n_blocks": 4,
                "d_block": 256,
                "dropout": 0.08464895567510722
            }
        }
    },
    "n_parameters": 315104,
    "prediction_type": "labels",
    "epoch_size": 63,
    "best_step": 11151,
    "metrics": {
        "train": {
            "rmse": 36861.50165145202,
            "mae": 23416.783203125,
            "r2": 0.8475656020254574,
            "score": -36861.50165145202
        },
        "val": {
            "rmse": 50254.925171569004,
            "mae": 30758.3359375,
            "r2": 0.7182021297119271,
            "score": -50254.925171569004
        },
        "test": {
            "rmse": 49097.855594720226,
            "mae": 29717.568359375,
            "r2": 0.7211384330586297,
            "score": -49097.855594720226
        }
    },
    "time": "0:01:49.112565",
    "chunk_size": null,
    "eval_batch_size": 32768,
    "heads": [
        5,
        0,
        9,
        23,
        1,
        7,
        4,
        10,
        17,
        25
    ],
    "head_selection_time": "0:00:00.331224"
}