{
    "function": "bin.model.main",
    "gpus": [
        "NVIDIA A100 80GB PCIe MIG 2g.20gb"
    ],
    "config": {
        "seed": 9,
        "batch_size": 512,
        "patience": 16,
        "n_epochs": -1,
        "gradient_clipping_norm": 1.0,
        "amp": true,
        "data": {
            "cache": true,
            "path": "/home/elicer/tabm/SEUNGTAE/korea_base/dataset",
            "num_policy": "noisy-quantile",
            "cat_policy": "ordinal"
        },
        "optimizer": {
            "type": "AdamW",
            "lr": 0.0011563746902507038,
            "weight_decay": 0.0015827100831528388
        },
        "model": {
            "arch_type": "tabm",
            "k": 32,
            "share_training_batches": false,
            "backbone": {
                "type": "MLP",
                "n_blocks": 4,
                "d_block": 256,
                "dropout": 0.08464895567510722
            }
        }
    },
    "n_parameters": 315104,
    "prediction_type": "labels",
    "epoch_size": 63,
    "best_step": 10836,
    "metrics": {
        "train": {
            "rmse": 38103.17949987901,
            "mae": 24144.126953125,
            "r2": 0.8371231545923694,
            "score": -38103.17949987901
        },
        "val": {
            "rmse": 51936.90202543852,
            "mae": 31628.306640625,
            "r2": 0.6990235717692069,
            "score": -51936.90202543852
        },
        "test": {
            "rmse": 51230.49841647063,
            "mae": 30733.7421875,
            "r2": 0.6963866783654045,
            "score": -51230.49841647063
        }
    },
    "time": "0:01:49.021129",
    "chunk_size": null,
    "eval_batch_size": 32768,
    "heads": [
        2
    ],
    "head_selection_time": "0:00:00.031511"
}