{
    "function": "bin.ensemble.main",
    "scores": {
        "train": -53854.99701977524,
        "val": -64737.04398565013,
        "test": -65424.07630222991
    }
}