{
    "function": "bin.ensemble.main",
    "scores": {
        "train": -36407.98330036971,
        "val": -49988.1611584183,
        "test": -48714.474563521675
    }
}