{
    "function": "bin.model.main",
    "gpus": [
        "NVIDIA GeForce RTX 2080 Ti",
        "NVIDIA GeForce RTX 2080 Ti",
        "NVIDIA GeForce RTX 2080 Ti"
    ],
    "config": {
        "seed": 12,
        "batch_size": 512,
        "patience": 16,
        "n_epochs": -1,
        "gradient_clipping_norm": 1.0,
        "amp": true,
        "data": {
            "cache": true,
            "path": "/home/dxlab/data/dxlab/jupyter/seungtae/tabm/SEUNGTAE/korea_undersample/dataset",
            "num_policy": "noisy-quantile",
            "cat_policy": "ordinal"
        },
        "optimizer": {
            "type": "AdamW",
            "lr": 0.001585036863603441,
            "weight_decay": 0.0
        },
        "model": {
            "arch_type": "tabm-mini",
            "k": 32,
            "share_training_batches": false,
            "backbone": {
                "type": "MLP",
                "n_blocks": 4,
                "d_block": 288,
                "dropout": 0.19829332106574343
            }
        }
    },
    "n_parameters": 281632,
    "prediction_type": "labels",
    "epoch_size": 18,
    "best_step": 1134,
    "metrics": {
        "train": {
            "rmse": 53046.40926584946,
            "mae": 36234.8515625,
            "r2": 0.7514056685148356,
            "score": -53046.40926584946
        },
        "val": {
            "rmse": 64977.19969343093,
            "mae": 43556.91015625,
            "r2": 0.6194390737097543,
            "score": -64977.19969343093
        },
        "test": {
            "rmse": 65778.41104800267,
            "mae": 43791.6328125,
            "r2": 0.6213963430909952,
            "score": -65778.41104800267
        }
    },
    "time": "0:00:11.334157",
    "chunk_size": null,
    "eval_batch_size": 32768,
    "heads": [
        20,
        8,
        14,
        17
    ],
    "head_selection_time": "0:00:00.118136"
}