{
    "function": "bin.model.main",
    "gpus": [
        "NVIDIA GeForce RTX 2080 Ti",
        "NVIDIA GeForce RTX 2080 Ti",
        "NVIDIA GeForce RTX 2080 Ti"
    ],
    "config": {
        "seed": 14,
        "batch_size": 256,
        "patience": 16,
        "n_epochs": -1,
        "gradient_clipping_norm": 1.0,
        "amp": true,
        "data": {
            "cache": true,
            "path": "/home/dxlab/data/dxlab/jupyter/seungtae/tabm/SEUNGTAE/korea1.5/dataset",
            "num_policy": "noisy-quantile"
        },
        "optimizer": {
            "type": "AdamW",
            "lr": 0.0003008643713310103,
            "weight_decay": 0.0003585076100054745
        },
        "model": {
            "arch_type": "tabm-mini",
            "k": 32,
            "share_training_batches": false,
            "backbone": {
                "type": "MLP",
                "n_blocks": 5,
                "d_block": 320,
                "dropout": 0.0
            }
        }
    },
    "n_parameters": 451040,
    "prediction_type": "labels",
    "epoch_size": 129,
    "best_step": 7869,
    "metrics": {
        "train": {
            "rmse": 63826.80364862399,
            "mae": 42906.46484375,
            "r2": 0.5555440469113369,
            "score": -63826.80364862399
        },
        "val": {
            "rmse": 73796.28088189811,
            "mae": 49134.796875,
            "r2": 0.3924940486961759,
            "score": -73796.28088189811
        },
        "test": {
            "rmse": 73521.23089285163,
            "mae": 49100.51171875,
            "r2": 0.39492450139911284,
            "score": -73521.23089285163
        }
    },
    "time": "0:00:54.048488",
    "chunk_size": null,
    "eval_batch_size": 32768
}