{
    "function": "bin.model.main",
    "gpus": [
        "NVIDIA A100 80GB PCIe MIG 2g.20gb"
    ],
    "config": {
        "seed": 4,
        "batch_size": 512,
        "patience": 16,
        "n_epochs": -1,
        "gradient_clipping_norm": 1.0,
        "amp": true,
        "data": {
            "cache": true,
            "path": "/home/elicer/tabm/SEUNGTAE/korea_base/dataset",
            "num_policy": "noisy-quantile",
            "cat_policy": "ordinal"
        },
        "optimizer": {
            "type": "AdamW",
            "lr": 0.0011563746902507038,
            "weight_decay": 0.0015827100831528388
        },
        "model": {
            "arch_type": "tabm",
            "k": 32,
            "share_training_batches": false,
            "backbone": {
                "type": "MLP",
                "n_blocks": 4,
                "d_block": 256,
                "dropout": 0.08464895567510722
            }
        }
    },
    "n_parameters": 315104,
    "prediction_type": "labels",
    "epoch_size": 63,
    "best_step": 14679,
    "metrics": {
        "train": {
            "rmse": 36766.14268590057,
            "mae": 23291.662109375,
            "r2": 0.8483532631496453,
            "score": -36766.14268590057
        },
        "val": {
            "rmse": 50303.366408223614,
            "mae": 30727.703125,
            "r2": 0.7176586135816841,
            "score": -50303.366408223614
        },
        "test": {
            "rmse": 48914.84191940111,
            "mae": 29518.369140625,
            "r2": 0.7232134396525303,
            "score": -48914.84191940111
        }
    },
    "time": "0:02:22.718633",
    "chunk_size": null,
    "eval_batch_size": 32768
}