{
    "function": "bin.model.main",
    "gpus": [
        "NVIDIA GeForce RTX 2080 Ti",
        "NVIDIA GeForce RTX 2080 Ti",
        "NVIDIA GeForce RTX 2080 Ti"
    ],
    "n_parameters": 247616,
    "scores": {
        "train": -55293.05779209538,
        "val": -65127.21729046928,
        "test": -65695.3882095235
    },
    "time": "0:00:22.872538"
}