{
    "function": "bin.model.main",
    "gpus": [
        "NVIDIA GeForce RTX 2080 Ti",
        "NVIDIA GeForce RTX 2080 Ti",
        "NVIDIA GeForce RTX 2080 Ti"
    ],
    "config": {
        "seed": 3,
        "batch_size": 512,
        "patience": 16,
        "n_epochs": -1,
        "gradient_clipping_norm": 1.0,
        "amp": true,
        "data": {
            "cache": true,
            "path": "/home/dxlab/data/dxlab/jupyter/seungtae/tabm/SEUNGTAE/korea_undersample_tabm/dataset",
            "num_policy": "noisy-quantile",
            "cat_policy": "ordinal"
        },
        "optimizer": {
            "type": "AdamW",
            "lr": 0.0008349259297406521,
            "weight_decay": 0.0
        },
        "model": {
            "arch_type": "tabm",
            "k": 32,
            "share_training_batches": false,
            "backbone": {
                "type": "MLP",
                "n_blocks": 3,
                "d_block": 272,
                "dropout": 0.360863070008947
            }
        }
    },
    "n_parameters": 247616,
    "prediction_type": "labels",
    "epoch_size": 18,
    "best_step": 2808,
    "metrics": {
        "train": {
            "rmse": 57383.854454018685,
            "mae": 39247.20703125,
            "r2": 0.7090899799522581,
            "score": -57383.854454018685
        },
        "val": {
            "rmse": 65681.52592624504,
            "mae": 44485.32421875,
            "r2": 0.6111440754634478,
            "score": -65681.52592624504
        },
        "test": {
            "rmse": 66719.5280558848,
            "mae": 44754.19140625,
            "r2": 0.6104851518878742,
            "score": -66719.5280558848
        }
    },
    "time": "0:00:22.872538",
    "chunk_size": null,
    "eval_batch_size": 32768,
    "heads": [
        22
    ],
    "head_selection_time": "0:00:00.026897"
}