{
    "function": "bin.model.main",
    "gpus": [
        "NVIDIA GeForce RTX 2080 Ti",
        "NVIDIA GeForce RTX 2080 Ti",
        "NVIDIA GeForce RTX 2080 Ti"
    ],
    "config": {
        "seed": 12,
        "batch_size": 256,
        "patience": 16,
        "n_epochs": -1,
        "gradient_clipping_norm": 1.0,
        "amp": true,
        "data": {
            "cache": true,
            "path": "/home/dxlab/data/dxlab/jupyter/seungtae/tabm/SEUNGTAE/korea1.5/dataset",
            "num_policy": "noisy-quantile"
        },
        "optimizer": {
            "type": "AdamW",
            "lr": 0.0003008643713310103,
            "weight_decay": 0.0003585076100054745
        },
        "model": {
            "arch_type": "tabm-mini",
            "k": 32,
            "share_training_batches": false,
            "backbone": {
                "type": "MLP",
                "n_blocks": 5,
                "d_block": 320,
                "dropout": 0.0
            }
        }
    },
    "n_parameters": 451040,
    "prediction_type": "labels",
    "epoch_size": 129,
    "best_step": 8256,
    "metrics": {
        "train": {
            "rmse": 72019.60977400531,
            "mae": 48427.5703125,
            "r2": 0.43412031565306386,
            "score": -72019.60977400531
        },
        "val": {
            "rmse": 74641.47994245558,
            "mae": 50132.29296875,
            "r2": 0.378498592790417,
            "score": -74641.47994245558
        },
        "test": {
            "rmse": 74256.79120457603,
            "mae": 50172.2265625,
            "r2": 0.3827566980453312,
            "score": -74256.79120457603
        }
    },
    "time": "0:00:56.391766",
    "chunk_size": null,
    "eval_batch_size": 32768,
    "heads": [
        19
    ],
    "head_selection_time": "0:00:00.029430"
}