{
    "function": "bin.model.main",
    "gpus": [
        "NVIDIA GeForce RTX 2080 Ti",
        "NVIDIA GeForce RTX 2080 Ti",
        "NVIDIA GeForce RTX 2080 Ti"
    ],
    "config": {
        "seed": 6,
        "batch_size": 512,
        "patience": 16,
        "n_epochs": -1,
        "gradient_clipping_norm": 1.0,
        "amp": true,
        "data": {
            "cache": true,
            "path": "/home/dxlab/data/dxlab/jupyter/seungtae/tabm/SEUNGTAE/korea_undersample_tabm/dataset",
            "num_policy": "noisy-quantile",
            "cat_policy": "ordinal"
        },
        "optimizer": {
            "type": "AdamW",
            "lr": 0.0008349259297406521,
            "weight_decay": 0.0
        },
        "model": {
            "arch_type": "tabm",
            "k": 32,
            "share_training_batches": false,
            "backbone": {
                "type": "MLP",
                "n_blocks": 3,
                "d_block": 272,
                "dropout": 0.360863070008947
            }
        }
    },
    "n_parameters": 247616,
    "prediction_type": "labels",
    "epoch_size": 18,
    "best_step": 3978,
    "metrics": {
        "train": {
            "rmse": 55512.20233426161,
            "mae": 38110.3671875,
            "r2": 0.7277573593204558,
            "score": -55512.20233426161
        },
        "val": {
            "rmse": 65368.173785107385,
            "mae": 44310.62890625,
            "r2": 0.6148455646436213,
            "score": -65368.173785107385
        },
        "test": {
            "rmse": 66174.53383288771,
            "mae": 44690.00390625,
            "r2": 0.616822634344779,
            "score": -66174.53383288771
        }
    },
    "time": "0:00:30.880048",
    "chunk_size": null,
    "eval_batch_size": 32768,
    "heads": [
        5
    ],
    "head_selection_time": "0:00:00.024874"
}