{
    "function": "bin.model.main",
    "gpus": [
        "NVIDIA GeForce RTX 2080 Ti",
        "NVIDIA GeForce RTX 2080 Ti",
        "NVIDIA GeForce RTX 2080 Ti"
    ],
    "config": {
        "seed": 2,
        "batch_size": 256,
        "patience": 16,
        "n_epochs": -1,
        "gradient_clipping_norm": 1.0,
        "amp": true,
        "data": {
            "cache": true,
            "path": "/home/dxlab/data/dxlab/jupyter/seungtae/tabm/exp/tabm/korea/dataset",
            "num_policy": "noisy-quantile"
        },
        "optimizer": {
            "type": "AdamW",
            "lr": 0.00011184538628817076,
            "weight_decay": 0.0010913099057351175
        },
        "model": {
            "arch_type": "tabm",
            "k": 32,
            "share_training_batches": false,
            "backbone": {
                "type": "MLP",
                "n_blocks": 4,
                "d_block": 240,
                "dropout": 0.0
            }
        }
    },
    "n_parameters": 287840,
    "prediction_type": "labels",
    "epoch_size": 147,
    "best_step": 4704,
    "metrics": {
        "train": {
            "rmse": 734760.9856164111,
            "mae": 252788.390625,
            "r2": 0.6263579508598416,
            "score": -734760.9856164111
        },
        "val": {
            "rmse": 890603.0282095384,
            "mae": 280945.375,
            "r2": 0.3774131523535945,
            "score": -890603.0282095384
        },
        "test": {
            "rmse": 914641.0690451199,
            "mae": 275444.46875,
            "r2": 0.16204449076183147,
            "score": -914641.0690451199
        }
    },
    "time": "0:19:44.809252",
    "chunk_size": null,
    "eval_batch_size": 32768,
    "heads": [
        8
    ],
    "head_selection_time": "0:00:00.031405"
}