{
    "function": "bin.ensemble.main",
    "scores": {
        "train": -50952.160150478405,
        "val": -65318.93936677172,
        "test": -65393.79102024902
    }
}