{
    "function": "bin.model.main",
    "gpus": [
        "NVIDIA A100 80GB PCIe MIG 2g.20gb"
    ],
    "config": {
        "seed": 1,
        "batch_size": 512,
        "patience": 16,
        "n_epochs": -1,
        "gradient_clipping_norm": 1.0,
        "amp": true,
        "data": {
            "cache": true,
            "path": "/home/elicer/tabm/SEUNGTAE/korea_base/dataset",
            "num_policy": "noisy-quantile",
            "cat_policy": "ordinal"
        },
        "optimizer": {
            "type": "AdamW",
            "lr": 0.0011563746902507038,
            "weight_decay": 0.0015827100831528388
        },
        "model": {
            "arch_type": "tabm",
            "k": 32,
            "share_training_batches": false,
            "backbone": {
                "type": "MLP",
                "n_blocks": 4,
                "d_block": 256,
                "dropout": 0.08464895567510722
            }
        }
    },
    "n_parameters": 315104,
    "prediction_type": "labels",
    "epoch_size": 63,
    "best_step": 15939,
    "metrics": {
        "train": {
            "rmse": 39072.10810795854,
            "mae": 24689.251953125,
            "r2": 0.8287342112774023,
            "score": -39072.10810795854
        },
        "val": {
            "rmse": 51732.431607261606,
            "mae": 31637.076171875,
            "r2": 0.7013887274797932,
            "score": -51732.431607261606
        },
        "test": {
            "rmse": 51485.94899581826,
            "mae": 31045.552734375,
            "r2": 0.6933513140645213,
            "score": -51485.94899581826
        }
    },
    "time": "0:02:33.642420",
    "chunk_size": null,
    "eval_batch_size": 32768,
    "heads": [
        23
    ],
    "head_selection_time": "0:00:00.030805"
}