{
    "function": "bin.model.main",
    "gpus": [
        "NVIDIA GeForce RTX 2080 Ti",
        "NVIDIA GeForce RTX 2080 Ti",
        "NVIDIA GeForce RTX 2080 Ti"
    ],
    "config": {
        "seed": 6,
        "batch_size": 512,
        "patience": 16,
        "n_epochs": -1,
        "gradient_clipping_norm": 1.0,
        "amp": true,
        "data": {
            "cache": true,
            "path": "/home/dxlab/data/dxlab/jupyter/seungtae/tabm/SEUNGTAE/korea_undersample_tabm/dataset",
            "num_policy": "noisy-quantile",
            "cat_policy": "ordinal"
        },
        "optimizer": {
            "type": "AdamW",
            "lr": 0.0008349259297406521,
            "weight_decay": 0.0
        },
        "model": {
            "arch_type": "tabm",
            "k": 32,
            "share_training_batches": false,
            "backbone": {
                "type": "MLP",
                "n_blocks": 3,
                "d_block": 272,
                "dropout": 0.360863070008947
            }
        }
    },
    "n_parameters": 247616,
    "prediction_type": "labels",
    "epoch_size": 18,
    "best_step": 3978,
    "metrics": {
        "train": {
            "rmse": 52799.456966904494,
            "mae": 35891.4921875,
            "r2": 0.7537149056652245,
            "score": -52799.456966904494
        },
        "val": {
            "rmse": 64878.398007349104,
            "mae": 43368.03515625,
            "r2": 0.6205955083447038,
            "score": -64878.398007349104
        },
        "test": {
            "rmse": 65233.251888894825,
            "mae": 43237.8125,
            "r2": 0.6276459302488193,
            "score": -65233.251888894825
        }
    },
    "time": "0:00:30.880048",
    "chunk_size": null,
    "eval_batch_size": 32768
}