{
    "function": "bin.model.main",
    "gpus": [
        "NVIDIA GeForce RTX 2080 Ti",
        "NVIDIA GeForce RTX 2080 Ti",
        "NVIDIA GeForce RTX 2080 Ti"
    ],
    "n_parameters": 247616,
    "scores": {
        "train": -52799.456966904494,
        "val": -64878.398007349104,
        "test": -65233.251888894825
    },
    "time": "0:00:30.880048"
}