{
    "function": "bin.model.main",
    "gpus": [
        "NVIDIA GeForce RTX 2080 Ti",
        "NVIDIA GeForce RTX 2080 Ti",
        "NVIDIA GeForce RTX 2080 Ti"
    ],
    "config": {
        "seed": 0,
        "batch_size": 512,
        "patience": 16,
        "n_epochs": -1,
        "gradient_clipping_norm": 1.0,
        "amp": true,
        "data": {
            "cache": true,
            "path": "/home/dxlab/data/dxlab/jupyter/seungtae/tabm/SEUNGTAE/korea_undersample_tabm/dataset",
            "num_policy": "noisy-quantile",
            "cat_policy": "ordinal"
        },
        "optimizer": {
            "type": "AdamW",
            "lr": 0.0008349259297406521,
            "weight_decay": 0.0
        },
        "model": {
            "arch_type": "tabm",
            "k": 32,
            "share_training_batches": false,
            "backbone": {
                "type": "MLP",
                "n_blocks": 3,
                "d_block": 272,
                "dropout": 0.360863070008947
            }
        }
    },
    "n_parameters": 247616,
    "prediction_type": "labels",
    "epoch_size": 18,
    "best_step": 3654,
    "metrics": {
        "train": {
            "rmse": 51570.73030314773,
            "mae": 35218.15625,
            "r2": 0.7650443960369488,
            "score": -51570.73030314773
        },
        "val": {
            "rmse": 64538.17326203152,
            "mae": 43322.43359375,
            "r2": 0.6245642632252096,
            "score": -64538.17326203152
        },
        "test": {
            "rmse": 65172.4997218919,
            "mae": 43304.33203125,
            "r2": 0.6283391724911609,
            "score": -65172.4997218919
        }
    },
    "time": "0:00:28.553482",
    "chunk_size": null,
    "eval_batch_size": 32768
}