{
    "function": "bin.model.main",
    "gpus": [
        "NVIDIA GeForce RTX 2080 Ti",
        "NVIDIA GeForce RTX 2080 Ti",
        "NVIDIA GeForce RTX 2080 Ti"
    ],
    "n_parameters": 247616,
    "scores": {
        "train": -51570.73030314773,
        "val": -64538.17326203152,
        "test": -65172.4997218919
    },
    "time": "0:00:28.553482"
}