{
    "function": "bin.ensemble.main",
    "config": {
        "seeds": [
            5,
            6,
            7,
            8,
            9
        ],
        "data": {
            "path": "/home/dxlab/data/dxlab/jupyter/seungtae/tabm/exp/tabm/korea/dataset"
        }
    },
    "single_model_function": "bin.model.main",
    "prediction_type": "labels",
    "metrics": {
        "train": {
            "rmse": 476664.71315590374,
            "mae": 191417.34375,
            "r2": 0.8427504162030256,
            "score": -476664.71315590374
        },
        "val": {
            "rmse": 887882.0361286739,
            "mae": 242052.796875,
            "r2": 0.381211603590356,
            "score": -887882.0361286739
        },
        "test": {
            "rmse": 828538.6509946291,
            "mae": 229843.546875,
            "r2": 0.3123854444739397,
            "score": -828538.6509946291
        }
    }
}