{
    "function": "bin.ensemble.main",
    "scores": {
        "train": -476664.71315590374,
        "val": -887882.0361286739,
        "test": -828538.6509946291
    }
}