{
    "function": "bin.model.main",
    "gpus": [
        "NVIDIA GeForce RTX 2080 Ti",
        "NVIDIA GeForce RTX 2080 Ti",
        "NVIDIA GeForce RTX 2080 Ti"
    ],
    "config": {
        "seed": 1,
        "batch_size": 512,
        "patience": 16,
        "n_epochs": -1,
        "gradient_clipping_norm": 1.0,
        "amp": true,
        "data": {
            "cache": true,
            "path": "SEUNGTAE/korea_base_mini/dataset",
            "num_policy": "noisy-quantile",
            "cat_policy": "ordinal"
        },
        "optimizer": {
            "type": "AdamW",
            "lr": 0.001585036863603441,
            "weight_decay": 0.0
        },
        "model": {
            "arch_type": "tabm-mini",
            "k": 32,
            "share_training_batches": false,
            "backbone": {
                "type": "MLP",
                "n_blocks": 4,
                "d_block": 288,
                "dropout": 0.19829332106574343
            }
        }
    },
    "n_parameters": 281632,
    "prediction_type": "labels",
    "epoch_size": 18,
    "best_step": 1332,
    "metrics": {
        "train": {
            "rmse": 49728.39124685214,
            "mae": 33875.73046875,
            "r2": 0.7815318738280586,
            "score": -49728.39124685214
        },
        "val": {
            "rmse": 65355.82459123288,
            "mae": 43640.109375,
            "r2": 0.614991060739419,
            "score": -65355.82459123288
        },
        "test": {
            "rmse": 65430.76511855872,
            "mae": 43296.8125,
            "r2": 0.625387684999589,
            "score": -65430.76511855872
        }
    },
    "time": "0:00:13.519248",
    "chunk_size": null,
    "eval_batch_size": 32768
}