{
    "function": "bin.model.main",
    "gpus": [
        "NVIDIA GeForce RTX 2080 Ti",
        "NVIDIA GeForce RTX 2080 Ti",
        "NVIDIA GeForce RTX 2080 Ti"
    ],
    "config": {
        "seed": 12,
        "batch_size": 256,
        "patience": 16,
        "n_epochs": -1,
        "gradient_clipping_norm": 1.0,
        "amp": true,
        "data": {
            "cache": true,
            "path": "/home/dxlab/data/dxlab/jupyter/seungtae/tabm/exp/tabm/korea/dataset",
            "num_policy": "noisy-quantile"
        },
        "optimizer": {
            "type": "AdamW",
            "lr": 0.00011184538628817076,
            "weight_decay": 0.0010913099057351175
        },
        "model": {
            "arch_type": "tabm",
            "k": 32,
            "share_training_batches": false,
            "backbone": {
                "type": "MLP",
                "n_blocks": 4,
                "d_block": 240,
                "dropout": 0.0
            }
        }
    },
    "n_parameters": 287840,
    "prediction_type": "labels",
    "epoch_size": 147,
    "best_step": 19257,
    "metrics": {
        "train": {
            "rmse": 434644.67157437926,
            "mae": 183102.59375,
            "r2": 0.8692528683265731,
            "score": -434644.67157437926
        },
        "val": {
            "rmse": 885395.4209233295,
            "mae": 243092.8125,
            "r2": 0.3846726821702008,
            "score": -885395.4209233295
        },
        "test": {
            "rmse": 837972.4295989695,
            "mae": 232637.328125,
            "r2": 0.2966377919678638,
            "score": -837972.4295989695
        }
    },
    "time": "1:00:31.050095",
    "chunk_size": null,
    "eval_batch_size": 32768
}