{
    "function": "bin.model.main",
    "gpus": [
        "NVIDIA GeForce RTX 2080 Ti",
        "NVIDIA GeForce RTX 2080 Ti",
        "NVIDIA GeForce RTX 2080 Ti"
    ],
    "n_parameters": 287840,
    "scores": {
        "train": -434644.67157437926,
        "val": -885395.4209233295,
        "test": -837972.4295989695
    },
    "time": "1:00:31.050095"
}