{
    "function": "bin.model.main",
    "gpus": [
        "NVIDIA GeForce RTX 2080 Ti",
        "NVIDIA GeForce RTX 2080 Ti",
        "NVIDIA GeForce RTX 2080 Ti"
    ],
    "config": {
        "seed": 8,
        "batch_size": 256,
        "patience": 16,
        "n_epochs": -1,
        "gradient_clipping_norm": 1.0,
        "amp": true,
        "data": {
            "cache": true,
            "path": "/home/dxlab/data/dxlab/jupyter/seungtae/tabm/SEUNGTAE/korea1.5/dataset",
            "num_policy": "noisy-quantile"
        },
        "optimizer": {
            "type": "AdamW",
            "lr": 0.0003008643713310103,
            "weight_decay": 0.0003585076100054745
        },
        "model": {
            "arch_type": "tabm-mini",
            "k": 32,
            "share_training_batches": false,
            "backbone": {
                "type": "MLP",
                "n_blocks": 5,
                "d_block": 320,
                "dropout": 0.0
            }
        }
    },
    "n_parameters": 451040,
    "prediction_type": "labels",
    "epoch_size": 129,
    "best_step": 10320,
    "metrics": {
        "train": {
            "rmse": 65212.781078558524,
            "mae": 43483.6484375,
            "r2": 0.5360320735358841,
            "score": -65212.781078558524
        },
        "val": {
            "rmse": 72577.83771923768,
            "mae": 48217.03125,
            "r2": 0.4123894118618098,
            "score": -72577.83771923768
        },
        "test": {
            "rmse": 73237.71705890346,
            "mae": 48486.4765625,
            "r2": 0.39958209667487643,
            "score": -73237.71705890346
        }
    },
    "time": "0:01:07.590897",
    "chunk_size": null,
    "eval_batch_size": 32768,
    "heads": [
        12,
        15,
        5,
        29,
        14,
        7,
        1,
        30,
        27,
        15,
        5,
        4
    ],
    "head_selection_time": "0:00:00.377639"
}