{
    "function": "bin.model.main",
    "gpus": [
        "NVIDIA GeForce RTX 2080 Ti",
        "NVIDIA GeForce RTX 2080 Ti",
        "NVIDIA GeForce RTX 2080 Ti"
    ],
    "n_parameters": 281632,
    "scores": {
        "train": -51214.0055844102,
        "val": -65368.165952549105,
        "test": -65391.06238623135
    },
    "time": "0:00:11.257920"
}