{
    "function": "bin.model.main",
    "gpus": [
        "NVIDIA GeForce RTX 2080 Ti",
        "NVIDIA GeForce RTX 2080 Ti",
        "NVIDIA GeForce RTX 2080 Ti"
    ],
    "config": {
        "seed": 14,
        "batch_size": 512,
        "patience": 16,
        "n_epochs": -1,
        "gradient_clipping_norm": 1.0,
        "amp": true,
        "data": {
            "cache": true,
            "path": "/home/dxlab/data/dxlab/jupyter/seungtae/tabm/SEUNGTAE/korea_undersample/dataset",
            "num_policy": "noisy-quantile",
            "cat_policy": "ordinal"
        },
        "optimizer": {
            "type": "AdamW",
            "lr": 0.001585036863603441,
            "weight_decay": 0.0
        },
        "model": {
            "arch_type": "tabm-mini",
            "k": 32,
            "share_training_batches": false,
            "backbone": {
                "type": "MLP",
                "n_blocks": 4,
                "d_block": 288,
                "dropout": 0.19829332106574343
            }
        }
    },
    "n_parameters": 281632,
    "prediction_type": "labels",
    "epoch_size": 18,
    "best_step": 1386,
    "metrics": {
        "train": {
            "rmse": 50608.429969719466,
            "mae": 34338.38671875,
            "r2": 0.7737310643270568,
            "score": -50608.429969719466
        },
        "val": {
            "rmse": 64699.64179189866,
            "mae": 43030.3515625,
            "r2": 0.622683327905875,
            "score": -64699.64179189866
        },
        "test": {
            "rmse": 65099.389367335854,
            "mae": 43166.109375,
            "r2": 0.6291725440409913,
            "score": -65099.389367335854
        }
    },
    "time": "0:00:12.912242",
    "chunk_size": null,
    "eval_batch_size": 32768,
    "heads": [
        4,
        2,
        31,
        3,
        11,
        10
    ],
    "head_selection_time": "0:00:00.167213"
}