{
    "function": "bin.model.main",
    "gpus": [
        "NVIDIA A100 80GB PCIe MIG 2g.20gb"
    ],
    "config": {
        "seed": 9,
        "batch_size": 512,
        "patience": 16,
        "n_epochs": -1,
        "gradient_clipping_norm": 1.0,
        "amp": true,
        "data": {
            "cache": true,
            "path": "/home/elicer/tabm/SEUNGTAE/korea_base/dataset",
            "num_policy": "noisy-quantile",
            "cat_policy": "ordinal"
        },
        "optimizer": {
            "type": "AdamW",
            "lr": 0.0011563746902507038,
            "weight_decay": 0.0015827100831528388
        },
        "model": {
            "arch_type": "tabm",
            "k": 32,
            "share_training_batches": false,
            "backbone": {
                "type": "MLP",
                "n_blocks": 4,
                "d_block": 256,
                "dropout": 0.08464895567510722
            }
        }
    },
    "n_parameters": 315104,
    "prediction_type": "labels",
    "epoch_size": 63,
    "best_step": 10836,
    "metrics": {
        "train": {
            "rmse": 38271.41471124369,
            "mae": 24035.931640625,
            "r2": 0.8356816933990282,
            "score": -38271.41471124369
        },
        "val": {
            "rmse": 50162.04142576337,
            "mae": 30625.763671875,
            "r2": 0.7192428469271567,
            "score": -50162.04142576337
        },
        "test": {
            "rmse": 49163.82930569994,
            "mae": 29550.748046875,
            "r2": 0.7203885110365165,
            "score": -49163.82930569994
        }
    },
    "time": "0:01:49.021129",
    "chunk_size": null,
    "eval_batch_size": 32768,
    "heads": [
        2,
        26,
        10,
        3,
        11,
        0,
        30,
        28,
        6,
        25,
        3,
        26,
        24,
        1
    ],
    "head_selection_time": "0:00:00.457178"
}