{
    "function": "bin.model.main",
    "gpus": [
        "NVIDIA A100 80GB PCIe MIG 2g.20gb"
    ],
    "config": {
        "seed": 7,
        "batch_size": 512,
        "patience": 16,
        "n_epochs": -1,
        "gradient_clipping_norm": 1.0,
        "amp": true,
        "data": {
            "cache": true,
            "path": "/home/elicer/tabm/SEUNGTAE/korea_base/dataset",
            "num_policy": "noisy-quantile",
            "cat_policy": "ordinal"
        },
        "optimizer": {
            "type": "AdamW",
            "lr": 0.0011563746902507038,
            "weight_decay": 0.0015827100831528388
        },
        "model": {
            "arch_type": "tabm",
            "k": 32,
            "share_training_batches": false,
            "backbone": {
                "type": "MLP",
                "n_blocks": 4,
                "d_block": 256,
                "dropout": 0.08464895567510722
            }
        }
    },
    "n_parameters": 315104,
    "prediction_type": "labels",
    "epoch_size": 63,
    "best_step": 16380,
    "metrics": {
        "train": {
            "rmse": 35976.251722490495,
            "mae": 22980.046875,
            "r2": 0.8547992838000302,
            "score": -35976.251722490495
        },
        "val": {
            "rmse": 49830.14220328897,
            "mae": 30630.123046875,
            "r2": 0.7229458259527135,
            "score": -49830.14220328897
        },
        "test": {
            "rmse": 48942.90682008988,
            "mae": 29649.24609375,
            "r2": 0.722895781482085,
            "score": -48942.90682008988
        }
    },
    "time": "0:02:35.485085",
    "chunk_size": null,
    "eval_batch_size": 32768,
    "heads": [
        13,
        3,
        5,
        21,
        20,
        30,
        2,
        10,
        8,
        3,
        26,
        16,
        6
    ],
    "head_selection_time": "0:00:00.421643"
}