{
    "function": "bin.model.main",
    "gpus": [
        "NVIDIA GeForce RTX 2080 Ti",
        "NVIDIA GeForce RTX 2080 Ti",
        "NVIDIA GeForce RTX 2080 Ti"
    ],
    "config": {
        "seed": 2,
        "batch_size": 512,
        "patience": 16,
        "n_epochs": -1,
        "gradient_clipping_norm": 1.0,
        "amp": true,
        "data": {
            "cache": true,
            "path": "SEUNGTAE/korea_base_mini/dataset",
            "num_policy": "noisy-quantile",
            "cat_policy": "ordinal"
        },
        "optimizer": {
            "type": "AdamW",
            "lr": 0.001585036863603441,
            "weight_decay": 0.0
        },
        "model": {
            "arch_type": "tabm-mini",
            "k": 32,
            "share_training_batches": false,
            "backbone": {
                "type": "MLP",
                "n_blocks": 4,
                "d_block": 288,
                "dropout": 0.19829332106574343
            }
        }
    },
    "n_parameters": 281632,
    "prediction_type": "labels",
    "epoch_size": 18,
    "best_step": 918,
    "metrics": {
        "train": {
            "rmse": 53276.29776927071,
            "mae": 36017.94921875,
            "r2": 0.7492463275087197,
            "score": -53276.29776927071
        },
        "val": {
            "rmse": 65410.618342895985,
            "mae": 43648.76953125,
            "r2": 0.6143451878628325,
            "score": -65410.618342895985
        },
        "test": {
            "rmse": 65866.59584341671,
            "mae": 43598.7265625,
            "r2": 0.620380514357658,
            "score": -65866.59584341671
        }
    },
    "time": "0:00:09.238422",
    "chunk_size": null,
    "eval_batch_size": 32768
}