{
    "function": "bin.model.main",
    "gpus": [
        "NVIDIA GeForce RTX 2080 Ti",
        "NVIDIA GeForce RTX 2080 Ti",
        "NVIDIA GeForce RTX 2080 Ti"
    ],
    "config": {
        "seed": 8,
        "batch_size": 512,
        "patience": 16,
        "n_epochs": -1,
        "gradient_clipping_norm": 1.0,
        "amp": true,
        "data": {
            "cache": true,
            "path": "/home/dxlab/data/dxlab/jupyter/seungtae/tabm/SEUNGTAE/korea_undersample_tabm/dataset",
            "num_policy": "noisy-quantile",
            "cat_policy": "ordinal"
        },
        "optimizer": {
            "type": "AdamW",
            "lr": 0.0008349259297406521,
            "weight_decay": 0.0
        },
        "model": {
            "arch_type": "tabm",
            "k": 32,
            "share_training_batches": false,
            "backbone": {
                "type": "MLP",
                "n_blocks": 3,
                "d_block": 272,
                "dropout": 0.360863070008947
            }
        }
    },
    "n_parameters": 247616,
    "prediction_type": "labels",
    "epoch_size": 18,
    "best_step": 3096,
    "metrics": {
        "train": {
            "rmse": 57002.80638705431,
            "mae": 38678.83984375,
            "r2": 0.7129406472593176,
            "score": -57002.80638705431
        },
        "val": {
            "rmse": 65032.786807886376,
            "mae": 43720.640625,
            "r2": 0.6187876315470187,
            "score": -65032.786807886376
        },
        "test": {
            "rmse": 66612.66762410886,
            "mae": 44389.25390625,
            "r2": 0.6117319089850026,
            "score": -66612.66762410886
        }
    },
    "time": "0:00:24.823494",
    "chunk_size": null,
    "eval_batch_size": 32768,
    "heads": [
        28
    ],
    "head_selection_time": "0:00:00.025924"
}