{
    "function": "bin.ensemble.main",
    "scores": {
        "train": -53738.879184441495,
        "val": -64766.9327975318,
        "test": -65383.44353121821
    }
}