{
    "function": "bin.model.main",
    "gpus": [
        "NVIDIA GeForce RTX 2080 Ti",
        "NVIDIA GeForce RTX 2080 Ti",
        "NVIDIA GeForce RTX 2080 Ti"
    ],
    "config": {
        "seed": 5,
        "batch_size": 512,
        "patience": 16,
        "n_epochs": -1,
        "gradient_clipping_norm": 1.0,
        "amp": true,
        "data": {
            "cache": true,
            "path": "SEUNGTAE/korea_base_mini/dataset",
            "num_policy": "noisy-quantile",
            "cat_policy": "ordinal"
        },
        "optimizer": {
            "type": "AdamW",
            "lr": 0.001585036863603441,
            "weight_decay": 0.0
        },
        "model": {
            "arch_type": "tabm-mini",
            "k": 32,
            "share_training_batches": false,
            "backbone": {
                "type": "MLP",
                "n_blocks": 4,
                "d_block": 288,
                "dropout": 0.19829332106574343
            }
        }
    },
    "n_parameters": 281632,
    "prediction_type": "labels",
    "epoch_size": 18,
    "best_step": 882,
    "metrics": {
        "train": {
            "rmse": 55930.79838514733,
            "mae": 38468.76953125,
            "r2": 0.7236361394084334,
            "score": -55930.79838514733
        },
        "val": {
            "rmse": 66271.31240589701,
            "mae": 45022.75,
            "r2": 0.6041292291164023,
            "score": -66271.31240589701
        },
        "test": {
            "rmse": 67863.69774776496,
            "mae": 45869.42578125,
            "r2": 0.5970110741074497,
            "score": -67863.69774776496
        }
    },
    "time": "0:00:09.116660",
    "chunk_size": null,
    "eval_batch_size": 32768,
    "heads": [
        28
    ],
    "head_selection_time": "0:00:00.024709"
}