{
    "function": "bin.model.main",
    "gpus": [
        "NVIDIA GeForce RTX 2080 Ti",
        "NVIDIA GeForce RTX 2080 Ti",
        "NVIDIA GeForce RTX 2080 Ti"
    ],
    "n_parameters": 287840,
    "scores": {
        "train": -548232.0839936313,
        "val": -901858.0977160431,
        "test": -832761.9009921142
    },
    "time": "0:31:42.423585"
}