{
    "function": "bin.model.main",
    "gpus": [
        "NVIDIA A100 80GB PCIe MIG 2g.20gb"
    ],
    "config": {
        "seed": 7,
        "batch_size": 512,
        "patience": 16,
        "n_epochs": -1,
        "gradient_clipping_norm": 1.0,
        "amp": true,
        "data": {
            "cache": true,
            "path": "/home/elicer/tabm/SEUNGTAE/korea_base/dataset",
            "num_policy": "noisy-quantile",
            "cat_policy": "ordinal"
        },
        "optimizer": {
            "type": "AdamW",
            "lr": 0.0011563746902507038,
            "weight_decay": 0.0015827100831528388
        },
        "model": {
            "arch_type": "tabm",
            "k": 32,
            "share_training_batches": false,
            "backbone": {
                "type": "MLP",
                "n_blocks": 4,
                "d_block": 256,
                "dropout": 0.08464895567510722
            }
        }
    },
    "n_parameters": 315104,
    "prediction_type": "labels",
    "epoch_size": 63,
    "best_step": 16380,
    "metrics": {
        "train": {
            "rmse": 36010.067925512165,
            "mae": 22989.421875,
            "r2": 0.8545261925149191,
            "score": -36010.067925512165
        },
        "val": {
            "rmse": 50063.299451794024,
            "mae": 30728.513671875,
            "r2": 0.7203470647924459,
            "score": -50063.299451794024
        },
        "test": {
            "rmse": 48882.9249534027,
            "mae": 29583.705078125,
            "r2": 0.7235745363980415,
            "score": -48882.9249534027
        }
    },
    "time": "0:02:35.485085",
    "chunk_size": null,
    "eval_batch_size": 32768
}