{
    "function": "bin.model.main",
    "gpus": [
        "NVIDIA GeForce RTX 2080 Ti",
        "NVIDIA GeForce RTX 2080 Ti",
        "NVIDIA GeForce RTX 2080 Ti"
    ],
    "config": {
        "seed": 9,
        "batch_size": 256,
        "patience": 16,
        "n_epochs": -1,
        "gradient_clipping_norm": 1.0,
        "amp": true,
        "data": {
            "cache": true,
            "path": "/home/dxlab/data/dxlab/jupyter/seungtae/tabm/SEUNGTAE/korea1.5/dataset",
            "num_policy": "noisy-quantile"
        },
        "optimizer": {
            "type": "AdamW",
            "lr": 0.0003008643713310103,
            "weight_decay": 0.0003585076100054745
        },
        "model": {
            "arch_type": "tabm-mini",
            "k": 32,
            "share_training_batches": false,
            "backbone": {
                "type": "MLP",
                "n_blocks": 5,
                "d_block": 320,
                "dropout": 0.0
            }
        }
    },
    "n_parameters": 451040,
    "prediction_type": "labels",
    "epoch_size": 129,
    "best_step": 9288,
    "metrics": {
        "train": {
            "rmse": 62818.63468748744,
            "mae": 42675.78515625,
            "r2": 0.5694738556578973,
            "score": -62818.63468748744
        },
        "val": {
            "rmse": 72902.16304061218,
            "mae": 49053.4765625,
            "r2": 0.40712594172993366,
            "score": -72902.16304061218
        },
        "test": {
            "rmse": 73414.901157735,
            "mae": 49360.33984375,
            "r2": 0.396673410337938,
            "score": -73414.901157735
        }
    },
    "time": "0:01:01.698705",
    "chunk_size": null,
    "eval_batch_size": 32768
}