{
    "function": "bin.model.main",
    "gpus": [
        "NVIDIA GeForce RTX 2080 Ti",
        "NVIDIA GeForce RTX 2080 Ti",
        "NVIDIA GeForce RTX 2080 Ti"
    ],
    "n_parameters": 451040,
    "scores": {
        "train": -62818.63468748744,
        "val": -72902.16304061218,
        "test": -73414.901157735
    },
    "time": "0:01:01.698705"
}