{
    "function": "bin.ensemble.main",
    "config": {
        "seeds": [
            10,
            11,
            12,
            13,
            14
        ],
        "data": {
            "path": "/home/dxlab/data/dxlab/jupyter/seungtae/tabm/exp/tabm/korea/dataset"
        }
    },
    "single_model_function": "bin.model.main",
    "prediction_type": "labels",
    "metrics": {
        "train": {
            "rmse": 463869.086083563,
            "mae": 188207.984375,
            "r2": 0.8510795451093602,
            "score": -463869.086083563
        },
        "val": {
            "rmse": 885205.4310181338,
            "mae": 242553.8125,
            "r2": 0.38493670771041755,
            "score": -885205.4310181338
        },
        "test": {
            "rmse": 821389.3145250917,
            "mae": 230747.078125,
            "r2": 0.3242008865481525,
            "score": -821389.3145250917
        }
    }
}