{
    "function": "bin.ensemble.main",
    "scores": {
        "train": -463869.086083563,
        "val": -885205.4310181338,
        "test": -821389.3145250917
    }
}