{
    "function": "bin.model.main",
    "gpus": [
        "NVIDIA GeForce RTX 2080 Ti",
        "NVIDIA GeForce RTX 2080 Ti",
        "NVIDIA GeForce RTX 2080 Ti"
    ],
    "config": {
        "seed": 12,
        "batch_size": 256,
        "patience": 16,
        "n_epochs": -1,
        "gradient_clipping_norm": 1.0,
        "amp": true,
        "data": {
            "cache": true,
            "path": "/home/dxlab/data/dxlab/jupyter/seungtae/tabm/exp/tabm/korea/dataset",
            "num_policy": "noisy-quantile"
        },
        "optimizer": {
            "type": "AdamW",
            "lr": 0.00011184538628817076,
            "weight_decay": 0.0010913099057351175
        },
        "model": {
            "arch_type": "tabm",
            "k": 32,
            "share_training_batches": false,
            "backbone": {
                "type": "MLP",
                "n_blocks": 4,
                "d_block": 240,
                "dropout": 0.0
            }
        }
    },
    "n_parameters": 287840,
    "prediction_type": "labels",
    "epoch_size": 147,
    "best_step": 19257,
    "metrics": {
        "train": {
            "rmse": 493449.8281770903,
            "mae": 203859.453125,
            "r2": 0.8314807473730101,
            "score": -493449.8281770903
        },
        "val": {
            "rmse": 882094.6497604437,
            "mae": 254665.109375,
            "r2": 0.3892520645253883,
            "score": -882094.6497604437
        },
        "test": {
            "rmse": 854034.0333827452,
            "mae": 245807.21875,
            "r2": 0.2694163760282702,
            "score": -854034.0333827452
        }
    },
    "time": "1:00:31.050095",
    "chunk_size": null,
    "eval_batch_size": 32768,
    "heads": [
        31
    ],
    "head_selection_time": "0:00:00.030562"
}