{
    "function": "bin.model.main",
    "gpus": [
        "NVIDIA GeForce RTX 2080 Ti",
        "NVIDIA GeForce RTX 2080 Ti",
        "NVIDIA GeForce RTX 2080 Ti"
    ],
    "config": {
        "seed": 6,
        "batch_size": 256,
        "patience": 16,
        "n_epochs": -1,
        "gradient_clipping_norm": 1.0,
        "amp": true,
        "data": {
            "cache": true,
            "path": "/home/dxlab/data/dxlab/jupyter/seungtae/tabm/SEUNGTAE/korea1.5/dataset",
            "num_policy": "noisy-quantile"
        },
        "optimizer": {
            "type": "AdamW",
            "lr": 0.0003008643713310103,
            "weight_decay": 0.0003585076100054745
        },
        "model": {
            "arch_type": "tabm-mini",
            "k": 32,
            "share_training_batches": false,
            "backbone": {
                "type": "MLP",
                "n_blocks": 5,
                "d_block": 320,
                "dropout": 0.0
            }
        }
    },
    "n_parameters": 451040,
    "prediction_type": "labels",
    "epoch_size": 129,
    "best_step": 9159,
    "metrics": {
        "train": {
            "rmse": 70179.39617865061,
            "mae": 48357.2109375,
            "r2": 0.4626691041659162,
            "score": -70179.39617865061
        },
        "val": {
            "rmse": 74460.6342170143,
            "mae": 51021.29296875,
            "r2": 0.3815066349369076,
            "score": -74460.6342170143
        },
        "test": {
            "rmse": 75037.710839284,
            "mae": 51406.47265625,
            "r2": 0.3697059683591496,
            "score": -75037.710839284
        }
    },
    "time": "0:01:01.459534",
    "chunk_size": null,
    "eval_batch_size": 32768,
    "heads": [
        6
    ],
    "head_selection_time": "0:00:00.030224"
}