{
    "function": "bin.model.main",
    "gpus": [
        "NVIDIA GeForce RTX 2080 Ti",
        "NVIDIA GeForce RTX 2080 Ti",
        "NVIDIA GeForce RTX 2080 Ti"
    ],
    "config": {
        "seed": 2,
        "batch_size": 256,
        "patience": 16,
        "n_epochs": -1,
        "gradient_clipping_norm": 1.0,
        "amp": true,
        "data": {
            "cache": true,
            "path": "/home/dxlab/data/dxlab/jupyter/seungtae/tabm/exp/tabm/korea/dataset",
            "num_policy": "noisy-quantile"
        },
        "optimizer": {
            "type": "AdamW",
            "lr": 0.00011184538628817076,
            "weight_decay": 0.0010913099057351175
        },
        "model": {
            "arch_type": "tabm",
            "k": 32,
            "share_training_batches": false,
            "backbone": {
                "type": "MLP",
                "n_blocks": 4,
                "d_block": 240,
                "dropout": 0.0
            }
        }
    },
    "n_parameters": 287840,
    "prediction_type": "labels",
    "epoch_size": 147,
    "best_step": 4704,
    "metrics": {
        "train": {
            "rmse": 811262.2631726437,
            "mae": 238250.6875,
            "r2": 0.5445024680126034,
            "score": -811262.2631726437
        },
        "val": {
            "rmse": 903223.5810562078,
            "mae": 263422.0,
            "r2": 0.35964300183288667,
            "score": -903223.5810562078
        },
        "test": {
            "rmse": 839692.5657596355,
            "mae": 250641.265625,
            "r2": 0.2937472368586219,
            "score": -839692.5657596355
        }
    },
    "time": "0:19:44.809252",
    "chunk_size": null,
    "eval_batch_size": 32768
}