{
    "function": "bin.model.main",
    "gpus": [
        "NVIDIA A100 80GB PCIe MIG 2g.20gb"
    ],
    "config": {
        "seed": 2,
        "batch_size": 512,
        "patience": 16,
        "n_epochs": -1,
        "gradient_clipping_norm": 1.0,
        "amp": true,
        "data": {
            "cache": true,
            "path": "/home/elicer/tabm/SEUNGTAE/korea_base/dataset",
            "num_policy": "noisy-quantile",
            "cat_policy": "ordinal"
        },
        "optimizer": {
            "type": "AdamW",
            "lr": 0.0011563746902507038,
            "weight_decay": 0.0015827100831528388
        },
        "model": {
            "arch_type": "tabm",
            "k": 32,
            "share_training_batches": false,
            "backbone": {
                "type": "MLP",
                "n_blocks": 4,
                "d_block": 256,
                "dropout": 0.08464895567510722
            }
        }
    },
    "n_parameters": 315104,
    "prediction_type": "labels",
    "epoch_size": 63,
    "best_step": 11781,
    "metrics": {
        "train": {
            "rmse": 37971.967765708425,
            "mae": 24121.265625,
            "r2": 0.8382429787502625,
            "score": -37971.967765708425
        },
        "val": {
            "rmse": 50130.22146370391,
            "mae": 30899.33203125,
            "r2": 0.7195988906222868,
            "score": -50130.22146370391
        },
        "test": {
            "rmse": 48913.80827537353,
            "mae": 29792.46484375,
            "r2": 0.7232251904147374,
            "score": -48913.80827537353
        }
    },
    "time": "0:01:53.919116",
    "chunk_size": null,
    "eval_batch_size": 32768,
    "heads": [
        5,
        4,
        20,
        9,
        1,
        16,
        7,
        3,
        30
    ],
    "head_selection_time": "0:00:00.295718"
}