{
    "function": "bin.model.main",
    "gpus": [
        "NVIDIA GeForce RTX 2080 Ti",
        "NVIDIA GeForce RTX 2080 Ti",
        "NVIDIA GeForce RTX 2080 Ti"
    ],
    "config": {
        "seed": 2,
        "batch_size": 512,
        "patience": 16,
        "n_epochs": -1,
        "gradient_clipping_norm": 1.0,
        "amp": true,
        "data": {
            "cache": true,
            "path": "SEUNGTAE/korea_base_mini/dataset",
            "num_policy": "noisy-quantile",
            "cat_policy": "ordinal"
        },
        "optimizer": {
            "type": "AdamW",
            "lr": 0.001585036863603441,
            "weight_decay": 0.0
        },
        "model": {
            "arch_type": "tabm-mini",
            "k": 32,
            "share_training_batches": false,
            "backbone": {
                "type": "MLP",
                "n_blocks": 4,
                "d_block": 288,
                "dropout": 0.19829332106574343
            }
        }
    },
    "n_parameters": 281632,
    "prediction_type": "labels",
    "epoch_size": 18,
    "best_step": 918,
    "metrics": {
        "train": {
            "rmse": 52635.853940066365,
            "mae": 35519.98828125,
            "r2": 0.7552388115935342,
            "score": -52635.853940066365
        },
        "val": {
            "rmse": 64948.18020545303,
            "mae": 43137.19140625,
            "r2": 0.6197789253201916,
            "score": -64948.18020545303
        },
        "test": {
            "rmse": 65593.74018913695,
            "mae": 43227.78125,
            "r2": 0.6235192011884326,
            "score": -65593.74018913695
        }
    },
    "time": "0:00:09.238422",
    "chunk_size": null,
    "eval_batch_size": 32768,
    "heads": [
        2,
        9,
        10,
        22,
        4
    ],
    "head_selection_time": "0:00:00.143925"
}