{
    "function": "bin.model.main",
    "gpus": [
        "NVIDIA GeForce RTX 2080 Ti",
        "NVIDIA GeForce RTX 2080 Ti",
        "NVIDIA GeForce RTX 2080 Ti"
    ],
    "config": {
        "seed": 9,
        "batch_size": 512,
        "patience": 16,
        "n_epochs": -1,
        "gradient_clipping_norm": 1.0,
        "amp": true,
        "data": {
            "cache": true,
            "path": "SEUNGTAE/korea_base_mini/dataset",
            "num_policy": "noisy-quantile",
            "cat_policy": "ordinal"
        },
        "optimizer": {
            "type": "AdamW",
            "lr": 0.001585036863603441,
            "weight_decay": 0.0
        },
        "model": {
            "arch_type": "tabm-mini",
            "k": 32,
            "share_training_batches": false,
            "backbone": {
                "type": "MLP",
                "n_blocks": 4,
                "d_block": 288,
                "dropout": 0.19829332106574343
            }
        }
    },
    "n_parameters": 281632,
    "prediction_type": "labels",
    "epoch_size": 18,
    "best_step": 954,
    "metrics": {
        "train": {
            "rmse": 56950.632937659255,
            "mae": 38887.56640625,
            "r2": 0.7134658670337677,
            "score": -56950.632937659255
        },
        "val": {
            "rmse": 66071.25947036275,
            "mae": 44593.609375,
            "r2": 0.6065157085799662,
            "score": -66071.25947036275
        },
        "test": {
            "rmse": 66601.23338197274,
            "mae": 44297.62109375,
            "r2": 0.6118651670536412,
            "score": -66601.23338197274
        }
    },
    "time": "0:00:09.643929",
    "chunk_size": null,
    "eval_batch_size": 32768,
    "heads": [
        25
    ],
    "head_selection_time": "0:00:00.025030"
}