{
    "function": "bin.model.main",
    "gpus": [
        "NVIDIA GeForce RTX 2080 Ti",
        "NVIDIA GeForce RTX 2080 Ti",
        "NVIDIA GeForce RTX 2080 Ti"
    ],
    "config": {
        "seed": 10,
        "batch_size": 512,
        "patience": 16,
        "n_epochs": -1,
        "gradient_clipping_norm": 1.0,
        "amp": true,
        "data": {
            "cache": true,
            "path": "/home/dxlab/data/dxlab/jupyter/seungtae/tabm/SEUNGTAE/korea_undersample_tabm/dataset",
            "num_policy": "noisy-quantile",
            "cat_policy": "ordinal"
        },
        "optimizer": {
            "type": "AdamW",
            "lr": 0.0008349259297406521,
            "weight_decay": 0.0
        },
        "model": {
            "arch_type": "tabm",
            "k": 32,
            "share_training_batches": false,
            "backbone": {
                "type": "MLP",
                "n_blocks": 3,
                "d_block": 272,
                "dropout": 0.360863070008947
            }
        }
    },
    "n_parameters": 247616,
    "prediction_type": "labels",
    "epoch_size": 18,
    "best_step": 3096,
    "metrics": {
        "train": {
            "rmse": 53029.875353426956,
            "mae": 36176.4921875,
            "r2": 0.7515606329216602,
            "score": -53029.875353426956
        },
        "val": {
            "rmse": 64838.969023265636,
            "mae": 43410.6015625,
            "r2": 0.6210564987810437,
            "score": -64838.969023265636
        },
        "test": {
            "rmse": 65391.87080975739,
            "mae": 43570.0,
            "r2": 0.6258329411761147,
            "score": -65391.87080975739
        }
    },
    "time": "0:00:25.243605",
    "chunk_size": null,
    "eval_batch_size": 32768
}