{
    "function": "bin.model.main",
    "gpus": [
        "NVIDIA GeForce RTX 2080 Ti",
        "NVIDIA GeForce RTX 2080 Ti",
        "NVIDIA GeForce RTX 2080 Ti"
    ],
    "n_parameters": 247616,
    "scores": {
        "train": -53029.875353426956,
        "val": -64838.969023265636,
        "test": -65391.87080975739
    },
    "time": "0:00:25.243605"
}