{
    "function": "bin.model.main",
    "gpus": [
        "NVIDIA A100 80GB PCIe MIG 2g.20gb"
    ],
    "config": {
        "seed": 5,
        "batch_size": 512,
        "patience": 16,
        "n_epochs": -1,
        "gradient_clipping_norm": 1.0,
        "amp": true,
        "data": {
            "cache": true,
            "path": "/home/elicer/tabm/SEUNGTAE/korea_base/dataset",
            "num_policy": "noisy-quantile",
            "cat_policy": "ordinal"
        },
        "optimizer": {
            "type": "AdamW",
            "lr": 0.0011563746902507038,
            "weight_decay": 0.0015827100831528388
        },
        "model": {
            "arch_type": "tabm",
            "k": 32,
            "share_training_batches": false,
            "backbone": {
                "type": "MLP",
                "n_blocks": 4,
                "d_block": 256,
                "dropout": 0.08464895567510722
            }
        }
    },
    "n_parameters": 315104,
    "prediction_type": "labels",
    "epoch_size": 63,
    "best_step": 12978,
    "metrics": {
        "train": {
            "rmse": 40515.548027886776,
            "mae": 25453.294921875,
            "r2": 0.8158463378903922,
            "score": -40515.548027886776
        },
        "val": {
            "rmse": 51759.15671646901,
            "mae": 31510.73046875,
            "r2": 0.701080101008819,
            "score": -51759.15671646901
        },
        "test": {
            "rmse": 50528.24825778151,
            "mae": 30450.138671875,
            "r2": 0.7046532773716803,
            "score": -50528.24825778151
        }
    },
    "time": "0:02:05.483045",
    "chunk_size": null,
    "eval_batch_size": 32768,
    "heads": [
        19
    ],
    "head_selection_time": "0:00:00.030671"
}